"Node ID",6989
"Gateway ID",13456
"Model","LS-G6-INC15"
"Hw version",
"Fw version",
"Location Lat",
"Location Lon",
"Created time","2026-05-05 09:58:58"
"Timezone","Europe/Amsterdam"
"Date-and-time","Temp-6989-Ch1","Aaxis-6989-Ch1","Baxis-6989-Ch1","AaxisVariation-6989-Ch1","BaxisVariation-6989-Ch1",                                                                                                                                                                                                                                                                                                                                                                                                                                                                                                                                                                                                                                                                                                                                                                                                                                                                                                                                                                                                                                                                                                                                                                                                                                                                                                                                                                                                                                                                                                                                                                                                                                                                                                                                                                                                                                                                                                                                                                                                                                                                                                                                                                                                                                                                                                                                                                                                                                                                                                                                                                                                                                                                                                                                                                                                                                                                                                                                                                                                                                                                                                                                                                                                                                                                                                                                                                                                                                                                                                                                                                                                                                                                                                                                                                                                               
"2026-05-05 10:02:30",26.8,-2.8377,-0.2681
"2026-05-05 10:03:00",26.8,-2.9077,-0.2149
"2026-05-05 10:03:30",26.8,-2.8987,-0.2008
"2026-05-05 10:04:00",26.8,-2.8673,-0.2124
"2026-05-05 10:04:30",26.8,-2.8938,-0.2255
"2026-05-05 10:05:00",26.8,-2.8847,-0.2140
"2026-05-05 10:05:30",26.8,-2.8880,-0.2386
"2026-05-05 10:06:00",26.8,-2.9017,-0.2174
"2026-05-05 10:06:30",26.7,-2.8607,-0.2222
"2026-05-05 10:07:00",26.7,-18.7477,-0.4527
"2026-05-05 10:07:30",26.7,-18.7477,-0.5053
"2026-05-05 10:08:00",26.8,-18.7469,-8.9746
"2026-05-05 10:08:30",26.8,-1.0722,18.5934
"2026-05-05 10:09:00",26.8,-18.7468,-0.1816
"2026-05-05 10:09:30",26.8,-18.7469,-0.2577
"2026-05-05 10:10:00",26.8,-18.7477,-0.2704
"2026-05-05 10:10:30",26.8,-18.7477,-0.3050
"2026-05-05 10:11:00",26.8,-18.7469,-0.3144
"2026-05-05 10:11:30",26.8,-18.7478,-0.3226
"2026-05-05 10:12:00",26.7,-18.7469,-0.3192
"2026-05-05 10:12:30",26.7,-18.7469,-0.3741
"2026-05-05 10:13:00",26.7,-18.7469,-0.4071
"2026-05-05 10:13:30",26.7,-18.7469,-0.4138
"2026-05-05 10:14:00",26.7,-18.7469,-0.4146
"2026-05-05 10:14:30",26.7,-18.7478,-0.4139
"2026-05-05 10:15:00",26.6,-18.7477,-0.4176
"2026-05-05 10:15:30",26.6,-18.7468,-0.4181
"2026-05-05 10:16:00",26.6,-18.7477,-0.4282
"2026-05-05 10:16:30",26.6,-18.7477,-0.4450
"2026-05-05 10:17:00",26.6,-18.7478,-0.4294
"2026-05-05 10:17:30",26.6,-18.7478,-0.4434
"2026-05-05 10:18:00",26.6,-18.7478,-0.4478
"2026-05-05 10:18:30",26.6,-18.7478,-0.4492
"2026-05-05 10:19:00",26.6,-18.7469,-0.4669
"2026-05-05 10:19:30",26.6,-18.7469,-0.4595
"2026-05-05 10:20:00",26.6,-18.7478,-0.4563
"2026-05-05 10:20:30",26.6,3.0217,-0.1564
"2026-05-05 10:23:00",26.5,1.9078,-0.5839
"2026-05-05 10:24:00",26.5,5.1079,-1.2460
"2026-05-05 10:24:30",26.5,5.0914,-1.2916
"2026-05-05 10:25:00",26.5,5.0672,-1.3004
"2026-05-05 10:25:30",26.5,5.0843,-1.3041
"2026-05-05 10:26:00",26.5,5.0446,-1.3298
"2026-05-05 10:26:30",26.5,5.0122,-1.3570
"2026-05-05 10:27:00",26.5,1.6494,0.3247
"2026-05-05 10:27:30",26.5,-18.7477,-0.5222
"2026-05-05 10:28:00",26.5,-18.7469,-0.4890
"2026-05-05 10:28:30",26.5,-18.7477,-0.4974
"2026-05-05 10:29:00",26.5,-18.7477,-0.9973
"2026-05-05 10:29:30",26.5,-0.6974,-0.1984
"2026-05-05 10:30:00",26.6,-0.5693,-0.2438
"2026-05-05 10:30:30",26.5,-0.4919,-0.2823
"2026-05-05 10:31:00",26.5,-0.4692,-0.2781
"2026-05-05 10:31:30",26.5,-0.5026,-0.2703
"2026-05-05 10:32:00",26.5,-0.5419,-0.3293
"2026-05-05 10:32:30",26.5,-0.2693,-0.4205
"2026-05-05 10:33:00",26.5,-0.2979,-0.3391
"2026-05-05 10:33:30",26.6,-0.2984,-0.3381
"2026-05-05 10:34:00",26.5,-0.2983,-0.3377
"2026-05-05 10:34:30",26.5,-0.2984,-0.3373
"2026-05-05 10:35:00",26.5,-0.2986,-0.3372
"2026-05-05 10:35:30",26.5,-0.2985,-0.3367
"2026-05-05 10:36:00",26.5,-0.2994,-0.3356
"2026-05-05 10:36:30",26.5,-0.2998,-0.3355
"2026-05-05 10:37:00",26.5,-0.2995,-0.3355
"2026-05-05 10:37:30",26.4,-0.2994,-0.3355
"2026-05-05 10:38:00",26.4,-0.2995,-0.3348
"2026-05-05 10:38:30",26.4,-0.2997,-0.3345
"2026-05-05 10:39:00",26.4,-0.2994,-0.3344
"2026-05-05 10:39:30",26.4,-0.2988,-0.3341
"2026-05-05 10:40:00",26.4,-0.2861,-0.3593
"2026-05-05 10:40:30",26.4,-0.2243,-0.5382
"2026-05-05 10:43:00",26.3,-0.2348,-0.5023
"2026-05-05 10:44:00",26.3,-0.0777,-0.2053
"2026-05-05 10:44:30",26.3,-0.5316,-0.4288
"2026-05-05 10:45:00",26.3,-0.3223,-0.3297
"2026-05-05 10:45:30",26.3,-0.6662,-0.0305
"2026-05-05 10:46:00",26.3,-0.6292,-0.3036
"2026-05-05 10:46:30",26.3,-0.6730,-0.4986
"2026-05-05 10:47:00",26.3,-0.0839,0.1156
"2026-05-05 10:47:30",26.3,-0.1024,0.2360
"2026-05-05 10:48:00",26.3,-0.1061,0.2661
"2026-05-05 10:48:30",26.3,-0.1091,0.2854
"2026-05-05 10:49:00",26.3,-0.0880,0.2277
"2026-05-05 10:49:30",26.3,-0.0740,0.1770
"2026-05-05 10:50:00",26.3,-0.0845,0.2287
"2026-05-05 10:50:30",26.3,-0.0846,0.2386
"2026-05-05 10:51:00",26.3,-0.0871,0.2539
"2026-05-05 10:51:30",26.3,-0.0967,0.2628
"2026-05-05 10:52:00",26.3,-0.1023,0.3481
"2026-05-05 10:52:30",26.3,-0.1033,0.3572
"2026-05-05 10:53:00",26.3,-0.1027,0.3631
"2026-05-05 10:53:30",26.3,-0.1154,0.3961
"2026-05-05 10:54:00",26.2,-0.0796,0.2821
"2026-05-05 10:54:30",26.2,-0.1067,0.3929
"2026-05-05 10:55:00",26.2,-0.1065,0.3939
"2026-05-05 10:55:30",26.2,-0.1085,0.3169
"2026-05-05 10:56:00",26.2,-0.1169,0.3833
"2026-05-05 10:56:30",26.1,-0.1159,0.3861
"2026-05-05 10:57:00",26.1,-0.1160,0.3894
"2026-05-05 10:57:30",26.1,-0.1096,0.3932
"2026-05-05 10:58:00",26.1,-0.1164,0.4155
"2026-05-05 10:58:30",26.1,-0.1181,0.4242
"2026-05-05 10:59:00",26.1,-0.1235,0.4402
"2026-05-05 10:59:30",26.1,-0.1210,0.4396
"2026-05-05 11:00:00",26.1,-0.0979,0.3349
"2026-05-05 11:00:30",26.0,-0.0854,0.3565
"2026-05-05 11:01:00",26.0,-0.0841,0.3443
"2026-05-05 11:04:00",25.9,-0.0770,0.3217
"2026-05-05 11:04:30",25.9,-0.0760,0.3327
"2026-05-05 11:05:00",25.9,-0.0796,0.3393
"2026-05-05 11:05:30",25.9,-0.0745,0.3291
"2026-05-05 11:06:00",25.9,-0.0763,0.3306
"2026-05-05 11:06:30",25.8,-0.0947,0.4586
"2026-05-05 11:07:00",25.8,-0.0922,0.4520
"2026-05-05 11:07:30",25.8,-0.0937,0.4621
"2026-05-05 11:08:00",25.8,-0.0929,0.4568
"2026-05-05 11:08:30",25.8,-0.0931,0.4588
"2026-05-05 11:09:00",25.8,-0.1029,0.4393
"2026-05-05 11:09:30",25.8,-0.1386,0.5634
"2026-05-05 11:10:00",25.8,-0.0928,0.3125
"2026-05-05 11:10:30",25.8,-0.0979,0.5550
"2026-05-05 11:11:00",25.7,-0.0958,0.5167
"2026-05-05 11:11:30",25.7,-0.1404,0.5705
"2026-05-05 11:12:00",25.7,-0.0639,0.2994
"2026-05-05 11:12:30",25.7,-0.0631,0.2991
"2026-05-05 11:13:00",25.7,-0.0629,0.2996
"2026-05-05 11:13:30",25.7,-0.0626,0.3001
"2026-05-05 11:14:00",25.6,-0.0625,0.3012
"2026-05-05 11:14:30",25.6,-0.0623,0.3019
"2026-05-05 11:15:00",25.6,-0.0618,0.3028
"2026-05-05 11:15:30",25.6,-0.0618,0.3039
"2026-05-05 11:16:00",25.6,-0.0616,0.3049
"2026-05-05 11:16:30",25.6,-0.0614,0.3057
"2026-05-05 11:17:00",25.6,-0.0615,0.3067
"2026-05-05 11:17:30",25.6,-0.0615,0.3070
"2026-05-05 11:18:00",25.6,-0.0610,0.3078
"2026-05-05 11:18:30",25.6,-0.0607,0.3086
"2026-05-05 11:19:00",25.5,-0.0610,0.3097
"2026-05-05 11:19:30",25.5,-0.0602,0.3084
"2026-05-05 11:20:00",25.5,-0.0606,0.3114
"2026-05-05 11:20:30",25.5,-0.0607,0.3118
"2026-05-05 11:21:00",25.5,-0.0607,0.3126
"2026-05-05 11:21:30",25.4,-0.0608,0.3131
"2026-05-05 11:24:00",25.4,-0.0683,0.3640
"2026-05-05 11:25:00",25.4,-0.0682,0.3657
"2026-05-05 11:25:30",25.3,-0.0685,0.3655
"2026-05-05 11:26:00",25.3,-0.0664,0.3527
"2026-05-05 11:26:30",25.3,-0.0678,0.3632
"2026-05-05 11:27:00",25.3,-0.0679,0.3647
"2026-05-05 11:27:30",25.3,-0.0678,0.3638
"2026-05-05 11:28:00",25.3,-0.0665,0.3203
"2026-05-05 11:28:30",25.3,-0.0660,0.3213
"2026-05-05 11:29:00",25.3,-0.0655,0.3220
"2026-05-05 11:29:30",25.2,-0.0656,0.3240
"2026-05-05 11:30:00",25.2,-0.0648,0.3247
"2026-05-05 11:30:30",25.2,-0.0642,0.3267
"2026-05-05 11:31:00",25.2,-0.0643,0.3263
"2026-05-05 11:31:30",25.2,-0.0650,0.3271
"2026-05-05 11:32:00",25.2,-0.0644,0.3274
"2026-05-05 11:32:30",25.1,-0.0665,0.3279
"2026-05-05 11:33:00",25.1,-0.0652,0.3292
"2026-05-05 11:33:30",25.1,-0.0649,0.3297
"2026-05-05 11:34:00",25.1,-0.0637,0.3317
"2026-05-05 11:34:30",25.1,-0.0646,0.3322
"2026-05-05 11:35:00",25.1,-0.0630,0.3324
"2026-05-05 11:35:30",25.1,-0.0635,0.3326
"2026-05-05 11:36:00",25.1,-0.0639,0.3337
"2026-05-05 11:36:30",25.1,-0.0631,0.3346
"2026-05-05 11:37:00",25.0,-0.0630,0.3345
"2026-05-05 11:37:30",25.0,-6.3507,-0.5637
"2026-05-05 11:38:00",25.0,-18.7469,-0.5538
"2026-05-05 11:38:30",25.0,-0.1338,0.3235
"2026-05-05 11:39:00",25.0,-0.1286,0.3429
"2026-05-05 11:39:30",25.0,-0.1219,0.3528
"2026-05-05 11:40:00",25.0,-0.1327,0.3572
"2026-05-05 11:40:30",25.0,-0.1311,0.3532
"2026-05-05 11:41:00",24.9,-0.6829,18.2979
"2026-05-05 11:41:30",25.0,-0.6670,18.2975
"2026-05-05 11:42:00",25.0,1.7898,12.6851
"2026-05-05 11:44:30",25.2,1.3458,-5.1430
"2026-05-05 11:45:30",25.4,17.8798,-7.9464
"2026-05-05 11:46:00",25.5,-18.7478,-0.8105
"2026-05-05 11:46:30",25.6,-18.7478,-0.8116
"2026-05-05 11:47:00",25.7,-18.7469,-0.7738
"2026-05-05 11:47:30",25.8,-18.7469,-0.7951
"2026-05-05 11:48:00",25.8,-18.7478,-0.7914
"2026-05-05 11:48:30",25.8,-18.7469,-0.7913
"2026-05-05 11:49:00",25.8,-18.7469,-0.7488
"2026-05-05 11:49:30",25.8,-18.7469,-0.7477
"2026-05-05 11:50:00",25.8,-18.7478,-0.7485
"2026-05-05 11:50:30",25.8,-18.7478,-0.7565
"2026-05-05 11:51:00",25.8,-18.7469,-0.7622
"2026-05-05 11:51:30",25.8,-18.7478,-0.7630
"2026-05-05 11:52:00",25.7,-18.7478,-0.7521
"2026-05-05 12:45:00",24.1,-18.7470,-0.7243
"2026-05-05 12:46:00",24.0,-18.7479,-0.6884
"2026-05-05 12:46:30",24.0,-18.7479,-0.6828
"2026-05-05 12:47:00",24.0,-18.7479,-0.6981
"2026-05-05 12:47:30",24.0,-18.7470,-0.7002
"2026-05-05 12:48:00",24.0,-18.7470,-0.7006
"2026-05-05 12:48:30",24.0,-18.7470,-0.6857
"2026-05-05 12:49:00",24.0,-18.7470,-0.6885
"2026-05-05 12:49:30",24.0,-18.7479,-0.6958
"2026-05-05 12:50:00",23.9,-18.7470,-0.6873
"2026-05-05 12:50:30",23.9,-18.7470,-0.6907
"2026-05-05 12:51:00",23.9,-18.7470,-0.6923
"2026-05-05 12:51:30",23.9,-18.7479,-0.6897
"2026-05-05 12:52:00",23.9,-18.7479,-0.7034
"2026-05-05 12:52:30",23.9,-18.7470,-0.6958
"2026-05-05 12:53:00",23.9,-18.7479,-0.6946
"2026-05-05 12:53:30",23.9,-18.7479,-0.6878
"2026-05-05 12:54:00",23.9,-18.7479,-0.7040
"2026-05-05 12:54:30",23.9,-15.2151,-0.1875
"2026-05-05 12:55:00",23.9,-0.0842,-0.1878
"2026-05-05 12:55:30",23.9,-0.1980,-0.1942
"2026-05-05 12:56:00",23.9,-0.2006,-0.1933
"2026-05-05 12:56:30",23.9,-0.1387,-0.1927
"2026-05-05 12:57:00",23.9,-0.1101,-0.1898
"2026-05-05 12:57:30",23.9,-0.1095,-0.1904
"2026-05-05 12:58:00",23.9,-0.1211,-0.1889
"2026-05-05 12:58:30",23.9,-0.1260,-0.1891
"2026-05-05 12:59:00",23.9,-0.0961,-0.1862
"2026-05-05 12:59:30",23.9,-0.0159,-0.1994
"2026-05-05 13:00:00",23.9,-0.0422,-0.2000
"2026-05-05 13:00:30",23.9,-0.0515,-0.2020
"2026-05-05 13:01:00",23.9,-0.0470,-0.2009
"2026-05-05 13:01:30",23.9,-0.0485,-0.2011
"2026-05-05 13:02:00",23.9,-0.0660,-0.2037
"2026-05-05 13:02:30",23.9,-0.0679,-0.2039
"2026-05-05 13:03:00",23.9,-0.0710,-0.2042
"2026-05-05 13:03:30",23.9,-0.0474,-0.2040
"2026-05-05 13:05:30",23.9,-0.0593,-0.2028
"2026-05-05 13:06:30",23.9,-0.0618,-0.2028
"2026-05-05 13:07:00",23.9,-0.0785,-0.2047
"2026-05-05 13:07:30",23.9,-0.0790,-0.2047
"2026-05-05 13:08:00",23.9,-0.0815,-0.2052
"2026-05-05 13:08:30",23.9,-0.0594,-0.2025
"2026-05-05 13:09:00",23.9,-0.0643,-0.2040
"2026-05-05 13:09:30",23.9,-0.0795,-0.2050
"2026-05-05 13:10:00",23.9,-0.0787,-0.2043
"2026-05-05 13:10:30",23.9,-0.0811,-0.2043
"2026-05-05 13:11:00",23.9,-18.7479,-0.8393
"2026-05-05 13:11:30",23.9,-18.7470,-0.8392
"2026-05-05 13:12:00",23.9,-18.7479,-0.8383
"2026-05-05 13:12:30",23.9,-18.7470,4.6391
"2026-05-05 13:13:00",23.9,-18.7470,9.2936
"2026-05-05 13:13:30",24.0,-18.7470,3.7758
"2026-05-05 13:14:00",24.2,-18.7479,1.1200
"2026-05-05 13:14:30",24.3,-18.7470,6.4447
"2026-05-05 13:15:00",24.5,-16.4962,-10.8548
"2026-05-05 13:15:30",24.7,-13.2083,-12.9323
"2026-05-05 13:16:00",24.9,-12.7086,-3.5843
"2026-05-05 13:16:30",25.1,-2.5254,0.4346
"2026-05-05 13:17:00",25.3,4.3524,-2.5870
"2026-05-05 13:17:30",25.4,8.3243,-5.0370
"2026-05-05 13:18:00",25.6,8.9264,-2.2457
"2026-05-05 13:18:30",25.8,7.8224,-1.0969
"2026-05-05 13:19:00",25.9,-4.5322,2.1344
"2026-05-05 13:19:30",26.1,-5.0565,0.7514
"2026-05-05 13:20:00",26.3,-5.4240,1.5292
"2026-05-05 13:20:30",26.4,-5.3548,1.0025
"2026-05-05 13:21:00",26.5,-18.7478,6.7507
"2026-05-05 13:21:30",26.6,-18.7477,8.8600
"2026-05-05 13:22:00",26.8,-18.7477,10.1526
"2026-05-05 13:22:30",26.9,-18.7477,1.0622
"2026-05-05 13:23:00",27.0,-0.2455,-0.1670
"2026-05-05 13:23:30",27.1,-0.2249,-0.1887
"2026-05-05 13:26:00",27.3,-0.1218,-0.2445
"2026-05-05 13:27:00",27.3,-0.1430,-0.2385
"2026-05-05 13:27:30",27.3,-0.1153,-0.2419
"2026-05-05 13:28:00",27.3,-0.1391,-0.2423
"2026-05-05 13:28:30",27.3,-0.1211,-0.2448
"2026-05-05 13:29:00",27.2,-0.4381,-0.3680
"2026-05-05 13:29:30",27.2,-0.4625,-0.3787
"2026-05-05 13:30:00",27.2,-0.4630,-0.3828
"2026-05-05 13:30:30",27.1,-0.4968,-0.3791
"2026-05-05 13:31:00",27.1,-0.4392,-0.2422
"2026-05-05 13:31:30",27.1,-0.4237,-0.3556
"2026-05-05 13:32:00",27.0,-0.4677,-0.2609
"2026-05-05 13:32:30",27.0,-0.4492,-0.3385
"2026-05-05 13:33:00",26.9,-18.7477,-1.1174
"2026-05-05 13:33:30",26.9,-18.7468,-1.0976
"2026-05-05 13:34:00",26.9,-18.7468,-1.1093
"2026-05-05 13:34:30",26.9,-18.7477,-1.0946
"2026-05-05 13:35:00",26.8,-18.7468,-1.1370
"2026-05-05 13:35:30",26.8,-18.7468,-1.1488
"2026-05-05 13:36:00",26.8,-18.7477,-1.1153
"2026-05-05 13:36:30",26.7,-18.7468,-1.0067
"2026-05-05 13:37:00",26.6,-18.7477,-1.0059
"2026-05-05 13:37:30",26.6,-18.7468,-1.0064
"2026-05-05 13:38:00",26.6,-18.7468,-1.0067
"2026-05-05 13:38:30",26.5,-18.7468,-1.0072
"2026-05-05 13:39:00",26.4,-18.7477,-1.0079
"2026-05-05 13:39:30",26.4,-18.7478,-1.0080
"2026-05-05 13:40:00",26.4,-18.7468,-1.0085
"2026-05-05 13:40:30",26.3,-18.7468,-1.0089
"2026-05-05 13:41:00",26.3,-18.7468,-1.0092
"2026-05-05 13:41:30",26.3,-18.7468,-1.0094
"2026-05-05 13:42:00",26.2,-18.7478,-1.0095
"2026-05-05 13:42:30",26.2,-18.7468,-1.0100
"2026-05-05 13:43:00",26.1,-18.7478,-1.0101
"2026-05-05 13:43:30",26.1,-18.7478,-1.0104
"2026-05-05 13:44:00",26.1,-18.7468,-1.0107
"2026-05-05 13:46:30",25.9,-18.7469,-1.0111
"2026-05-05 13:47:00",25.8,-18.7478,-1.0114
"2026-05-05 13:47:30",25.8,-18.7478,-1.0113
"2026-05-05 13:48:00",25.8,-18.7478,-1.0115
"2026-05-05 13:48:30",25.7,-18.7469,-1.0117
"2026-05-05 13:49:00",25.7,-18.7478,-1.0118
"2026-05-05 13:49:30",25.6,-18.7469,-1.0118
"2026-05-05 13:50:00",25.6,-18.7469,-1.0121
"2026-05-05 13:50:30",25.6,-18.7478,-1.0119
"2026-05-05 13:51:00",25.6,-18.7478,-1.0123
"2026-05-05 13:51:30",25.5,-18.7478,-1.0122
"2026-05-05 13:52:00",25.5,-18.7478,-1.0121
"2026-05-05 13:52:30",25.4,-18.7478,-1.0119
"2026-05-05 13:53:00",25.4,-18.7469,-1.0123
"2026-05-05 13:53:30",25.4,-18.7469,-1.0118
"2026-05-05 13:54:00",25.4,-18.7469,-1.0120
"2026-05-05 13:54:30",25.3,-18.7478,-1.0119
"2026-05-05 13:55:00",25.3,-18.7478,-1.0118
"2026-05-05 13:55:30",25.3,-18.7478,-1.0118
"2026-05-05 13:56:00",25.3,-18.7478,-1.0112
"2026-05-05 13:56:30",25.3,-18.7478,-1.0104
"2026-05-05 13:57:00",25.2,-18.7469,-1.0103
"2026-05-05 13:57:30",25.2,-18.7469,-1.0101
"2026-05-05 13:58:00",25.2,-18.7478,-1.0102
"2026-05-05 13:58:30",25.2,-18.7469,-1.0100
"2026-05-05 13:59:00",25.1,-18.7478,-1.0097
"2026-05-05 13:59:30",25.1,-18.7478,-1.0099
"2026-05-05 14:00:00",25.1,-18.7478,-1.0096
"2026-05-05 14:00:30",25.1,-18.7478,-1.0100
"2026-05-05 14:01:00",25.0,-18.7469,-1.0098
"2026-05-05 14:01:30",25.0,-18.7469,-1.0102
"2026-05-05 14:02:00",25.0,-18.7469,-1.0099
"2026-05-05 14:02:30",24.9,-18.7469,-1.0097
"2026-05-05 14:03:00",24.9,-18.7469,-1.0103
"2026-05-05 14:03:30",24.9,-18.7469,-1.0106
"2026-05-05 14:04:00",24.9,-18.7478,-1.0105
"2026-05-05 14:04:30",24.9,-18.7469,-1.0105
"2026-05-05 14:07:00",24.8,-18.7478,-1.0104
"2026-05-05 14:07:30",24.8,-18.7478,-1.0108
"2026-05-05 14:08:00",24.8,-18.7478,-1.0118
"2026-05-05 14:08:30",24.7,-18.7469,-1.0110
"2026-05-05 14:09:00",24.7,-18.7478,-1.0109
"2026-05-05 14:09:30",24.7,-18.7479,-1.0109
"2026-05-05 14:10:00",24.6,-18.7479,-1.0108
"2026-05-05 14:10:30",24.6,-18.7469,-1.0111
"2026-05-05 14:11:00",24.6,-18.7479,-1.0109
"2026-05-05 14:11:30",24.6,-18.7469,-1.0112
"2026-05-05 14:12:00",24.6,-18.7479,-1.0110
"2026-05-05 14:12:30",24.5,-18.7469,-1.0110
"2026-05-05 14:13:00",24.5,-18.7479,-1.0111
"2026-05-05 14:13:30",24.5,-18.7479,-1.0113
"2026-05-05 14:14:00",24.5,-18.7479,-1.0112
"2026-05-05 14:14:30",24.4,-18.7469,-1.0111
"2026-05-05 14:15:00",24.4,-18.7470,-1.0112
"2026-05-05 14:15:30",24.4,-18.7479,-1.0109
"2026-05-05 14:16:00",24.4,-18.7479,-1.0109
"2026-05-05 14:16:30",24.4,-18.7479,-1.0110
"2026-05-05 14:17:00",24.4,-18.7479,-1.0108
"2026-05-05 14:17:30",24.3,-18.7470,-1.0109
"2026-05-05 14:18:00",24.3,-18.7479,-1.0109
"2026-05-05 14:18:30",24.3,-18.7470,-1.0109
"2026-05-05 14:19:00",24.3,-18.7470,-1.0105
"2026-05-05 14:19:30",24.3,-18.7470,-1.0107
"2026-05-05 14:20:00",24.3,-18.7470,-1.0103
"2026-05-05 14:20:30",24.3,-18.7470,-1.0105
"2026-05-05 14:21:00",24.3,-18.7470,-1.0105
"2026-05-05 14:21:30",24.2,-18.7479,-1.0103
"2026-05-05 14:22:00",24.2,-18.7470,-1.0104
"2026-05-05 14:22:30",24.2,-18.7470,-1.0104
"2026-05-05 14:23:00",24.1,-18.7470,-1.0100
"2026-05-05 14:23:30",24.1,-18.7470,-1.0097
"2026-05-05 14:24:00",24.1,-18.7479,-1.0098
"2026-05-05 14:24:30",24.1,-18.7470,-1.0099
"2026-05-05 14:27:00",24.1,-18.7470,-0.9380
"2026-05-05 14:28:00",24.1,-18.7479,-0.9368
"2026-05-05 14:28:30",24.1,-18.7479,-0.9373
"2026-05-05 14:29:00",24.1,-18.7479,-0.9423
"2026-05-05 14:29:30",24.1,-18.7470,-0.7696
"2026-05-05 14:30:00",24.1,-18.7479,-0.8382
"2026-05-05 14:30:30",24.1,-18.7470,-0.8397
"2026-05-05 14:31:00",24.1,-18.7470,-0.8398
"2026-05-05 14:31:30",24.1,-18.7470,-0.8400
"2026-05-05 14:32:00",24.1,-18.7479,-0.8401
"2026-05-05 14:32:30",24.1,-18.7470,-0.8404
"2026-05-05 14:33:00",24.1,-18.7479,-0.8403
"2026-05-05 14:33:30",24.1,-18.7479,-0.8405
"2026-05-05 14:34:00",24.1,-18.7470,-0.8405
"2026-05-05 14:34:30",24.0,-18.7479,-0.8403
"2026-05-05 14:35:00",24.0,-18.7470,-0.8404
"2026-05-05 14:35:30",24.0,-18.7470,-0.8402
"2026-05-05 14:36:00",24.0,-18.7479,-0.8403
"2026-05-05 14:36:30",24.0,-18.7479,-0.8404
"2026-05-05 14:37:00",23.9,-18.7479,-0.8404
"2026-05-05 14:37:30",23.9,-18.7479,-0.8399
"2026-05-05 14:38:00",23.9,-18.7479,-0.8398
"2026-05-05 14:38:30",23.9,-18.7479,-0.8402
"2026-05-05 14:39:00",23.9,-18.7479,-0.8399
"2026-05-05 14:39:30",23.9,-18.7470,-0.8398
"2026-05-05 14:40:00",23.9,-18.7479,-0.8401
"2026-05-05 14:40:30",23.9,-18.7479,-0.8397
"2026-05-05 14:41:00",23.8,-18.7479,-0.8398
"2026-05-05 14:41:30",23.8,-18.7470,-0.8397
"2026-05-05 14:42:00",23.8,-18.7470,-0.8398
"2026-05-05 14:42:30",23.8,-18.7470,-0.8394
"2026-05-05 14:43:00",23.8,-18.7479,-0.8394
"2026-05-05 14:43:30",23.8,-18.7470,-0.8396
"2026-05-05 14:44:00",23.8,-18.7479,-0.8394
"2026-05-05 14:44:30",23.8,-18.7479,-0.8393
"2026-05-05 14:45:00",23.8,-18.7470,-0.8391
"2026-05-05 14:47:30",23.7,-18.7480,-0.8388
"2026-05-05 14:48:30",23.7,-18.7470,-0.8635
"2026-05-05 14:49:00",23.6,-18.7479,-0.8630
"2026-05-05 14:49:30",23.6,-18.7480,-0.8625
"2026-05-05 14:50:00",23.6,-18.7480,-0.8618
"2026-05-05 14:50:30",23.6,-18.7480,-0.8612
"2026-05-05 14:51:00",23.6,-18.7471,-0.8610
"2026-05-05 14:51:30",23.6,-18.7480,-0.8606
"2026-05-05 14:52:00",23.6,-18.7480,-0.8604
"2026-05-05 14:52:30",23.6,-18.7480,-0.8600
"2026-05-05 14:53:00",23.6,-18.7480,-0.8595
"2026-05-05 14:53:30",23.6,-18.7471,-0.8592
"2026-05-05 14:54:00",23.6,-18.7471,-0.8591
"2026-05-05 14:54:30",23.6,-18.7480,-0.8588
"2026-05-05 14:55:00",23.6,-18.7471,-0.8584
"2026-05-05 14:55:30",23.6,-18.7471,-0.8581
"2026-05-05 14:56:00",23.5,-18.7471,-0.8582
"2026-05-05 14:56:30",23.5,-18.7480,-0.8578
"2026-05-05 14:57:00",23.5,-18.7471,-0.8575
"2026-05-05 14:57:30",23.5,-18.7480,-0.8574
"2026-05-05 14:58:00",23.5,-18.7471,-0.8571
"2026-05-05 14:58:30",23.5,-18.7471,-0.8571
"2026-05-05 14:59:00",23.4,-18.7471,-0.8570
"2026-05-05 14:59:30",23.5,-18.7480,-0.8570
"2026-05-05 15:00:00",23.4,-18.7471,-0.8566
"2026-05-05 15:00:30",23.4,-18.7480,-0.8566
"2026-05-05 15:01:00",23.4,-18.7471,-0.8566
"2026-05-05 15:01:30",23.4,-18.7480,-0.8566
"2026-05-05 15:02:00",23.4,-18.7480,-0.8563
"2026-05-05 15:02:30",23.4,-18.7471,-0.8564
"2026-05-05 15:03:00",23.4,-18.7480,-0.8565
"2026-05-05 15:03:30",23.4,-18.7471,-0.8560
"2026-05-05 15:04:00",23.4,-18.7471,-0.8301
"2026-05-05 15:04:30",23.3,-18.7480,-0.8078
"2026-05-05 15:05:00",23.3,-18.7471,-0.8056
"2026-05-05 15:05:30",23.4,-18.7480,-0.8057
"2026-05-05 15:08:00",23.3,-18.7471,-0.8070
"2026-05-05 15:09:00",23.3,-18.7471,-0.7993
"2026-05-05 15:09:30",23.3,-18.7480,-0.8072
"2026-05-05 15:10:00",23.4,-18.7480,-0.7973
"2026-05-05 15:10:30",23.4,-18.7471,-0.7936
"2026-05-05 15:11:00",23.4,-18.7471,-0.7383
"2026-05-05 15:11:30",23.4,-18.7471,-0.7884
"2026-05-05 15:12:00",23.4,-18.7471,-0.7435
"2026-05-05 15:12:30",23.4,-18.7480,-0.7389
"2026-05-05 15:13:00",23.4,-18.7471,-0.7386
"2026-05-05 15:13:30",23.4,-18.7471,-0.8159
"2026-05-05 15:14:00",23.4,-18.7480,-0.6830
"2026-05-05 15:14:30",23.4,-18.7480,-0.7213
"2026-05-05 15:15:00",23.4,-18.7480,-0.7260
"2026-05-05 15:15:30",23.4,-18.7480,-0.8409
"2026-05-05 15:16:00",23.4,-18.7480,-0.8016
"2026-05-05 15:16:30",23.4,-18.7471,-0.7871
"2026-05-05 15:17:00",23.4,-0.2738,0.0142
"2026-05-05 15:17:30",23.5,-0.2743,0.0147
"2026-05-05 15:18:00",23.5,-0.2723,0.0193
"2026-05-05 15:18:30",23.5,-1.0300,18.5927
"2026-05-05 15:19:00",23.5,-1.0361,18.5936
"2026-05-05 15:19:30",23.6,-1.0177,18.5936
"2026-05-05 15:20:00",23.6,-1.0170,18.5927
"2026-05-05 15:20:30",23.6,-1.0415,18.5936
"2026-05-05 15:21:00",23.6,-1.0327,18.5936
"2026-05-05 15:21:30",23.6,-1.0278,18.5927
"2026-05-05 15:22:00",23.6,-1.0241,18.5936
"2026-05-05 15:22:30",23.6,-1.0297,18.5927
"2026-05-05 15:23:00",23.6,-1.0286,18.5936
"2026-05-05 15:23:30",23.6,-1.0338,18.5936
"2026-05-05 15:24:00",23.6,-1.0124,18.5936
"2026-05-05 15:24:30",23.6,-1.0284,11.2375
"2026-05-05 15:25:00",23.7,-0.3140,0.0344
"2026-05-05 15:25:30",23.7,-0.3089,-0.0152
"2026-05-05 15:26:00",23.7,-0.3295,-0.0529
"2026-05-05 15:28:30",23.7,-0.3247,-0.0319
"2026-05-05 15:29:30",23.8,-0.3275,-0.0406
"2026-05-05 15:30:00",23.8,-0.3235,-0.0262
"2026-05-05 15:30:30",23.8,-0.3172,-0.0042
"2026-05-05 15:31:00",23.8,-0.3241,-0.0323
"2026-05-05 15:31:30",23.8,-0.3255,-0.0335
"2026-05-05 15:32:00",23.8,-0.3234,-0.0168
"2026-05-05 15:32:30",23.8,-0.3245,-0.0270
"2026-05-05 15:33:00",23.8,-0.3243,-0.0285
"2026-05-05 15:33:30",23.8,-0.3221,-0.0200
"2026-05-05 15:34:00",23.8,-0.3248,-0.0316
"2026-05-05 15:34:30",23.8,-0.3255,-0.0521
"2026-05-05 15:35:00",23.8,-0.3251,-0.0336
"2026-05-05 15:35:30",23.8,-0.3185,-0.0125
"2026-05-05 15:36:00",23.8,-0.3185,-0.0101
"2026-05-05 15:36:30",23.8,-0.3128,0.0122
"2026-05-05 15:37:00",23.9,-0.3155,-0.0120
"2026-05-05 15:37:30",23.9,-0.3203,-0.0156
"2026-05-05 15:38:00",23.9,-0.3153,0.0015
"2026-05-05 15:38:30",23.9,-0.3159,-0.0001
"2026-05-05 15:39:00",23.9,-0.3162,0.0107
"2026-05-05 15:39:30",23.9,-0.3127,0.0027
"2026-05-05 15:40:00",23.9,-0.3126,0.0123
"2026-05-05 15:40:30",23.9,-0.3165,0.0025
"2026-05-05 15:41:00",23.9,-0.3222,-0.0092
"2026-05-05 15:41:30",23.9,-0.3100,0.0090
"2026-05-05 15:42:00",23.9,-0.3113,0.0173
"2026-05-05 15:42:30",23.9,-0.3261,-0.0316
"2026-05-05 15:43:00",23.9,-0.3252,-0.0313
"2026-05-05 15:43:30",23.9,-0.3306,-0.0509
"2026-05-05 15:44:00",23.9,-0.3220,-0.0216
"2026-05-05 15:44:30",23.9,-0.3314,-0.0522
"2026-05-05 15:45:00",23.9,-0.3226,-0.0212
"2026-05-05 15:45:30",23.9,-0.3220,-0.0201
"2026-05-05 15:46:00",23.9,-0.3220,-0.0197
"2026-05-05 15:46:30",23.9,-0.3221,-0.0196
"2026-05-05 15:49:00",23.9,-0.3205,-0.0162
"2026-05-05 15:49:30",23.9,-0.3295,-0.0507
"2026-05-05 15:50:00",23.9,-0.3298,-0.0509
"2026-05-05 15:50:30",23.9,-0.3300,-0.0509
"2026-05-05 15:51:00",23.9,-0.3194,0.0019
"2026-05-05 15:51:30",23.9,-0.3198,-0.0141
"2026-05-05 15:52:00",23.9,-0.3193,-0.0104
"2026-05-05 15:52:30",23.9,-0.3181,-0.0032
"2026-05-05 15:53:00",23.9,-0.3170,-0.0444
"2026-05-05 15:53:30",23.9,-0.3306,-0.0525
"2026-05-05 15:54:00",23.9,-0.3307,-0.0539
"2026-05-05 15:54:30",23.9,-0.3315,-0.0546
"2026-05-05 15:55:00",23.9,-0.3320,-0.0541
"2026-05-05 15:55:30",23.9,-0.3257,-0.0350
"2026-05-05 15:56:00",23.9,-0.3256,-0.0344
"2026-05-05 15:56:30",23.9,-0.3253,-0.0333
"2026-05-05 15:57:00",23.9,-0.3320,-0.0480
"2026-05-05 15:57:30",23.9,-0.3322,-0.0496
"2026-05-05 15:58:00",23.9,-0.3322,-0.0497
"2026-05-05 15:58:30",23.9,-0.3206,0.0236
"2026-05-05 15:59:00",23.9,-0.3067,0.0354
"2026-05-05 15:59:30",23.9,-0.3129,0.0144
"2026-05-05 16:00:00",23.9,-0.3065,0.0352
"2026-05-05 16:00:30",24.0,-0.3174,0.0315
"2026-05-05 16:01:00",24.0,-0.3059,0.0033
"2026-05-05 16:01:30",24.0,-0.3045,0.0435
"2026-05-05 16:02:00",24.0,-0.3101,0.0292
"2026-05-05 16:02:30",24.0,-0.3256,-0.0257
"2026-05-05 16:03:00",24.0,-0.3267,-0.0290
"2026-05-05 16:03:30",24.0,-0.3196,-0.0189
"2026-05-05 16:04:00",24.0,-0.3222,-0.0249
"2026-05-05 16:04:30",24.0,-0.3228,-0.0105
"2026-05-05 16:05:00",24.0,-0.3196,-0.0101
"2026-05-05 16:05:30",24.0,-0.3002,0.0626
"2026-05-05 16:06:00",24.0,-0.3217,-0.0410
"2026-05-05 16:06:30",24.0,-0.3245,-0.0087
"2026-05-05 16:09:00",24.0,-0.3130,0.0152
"2026-05-05 16:10:00",24.0,-0.3140,0.0119
"2026-05-05 16:10:30",24.0,-0.3274,-0.0376
"2026-05-05 16:11:00",24.0,-0.3312,-0.0298
"2026-05-05 16:11:30",24.0,-0.3270,-0.0083
"2026-05-05 16:12:00",24.0,-0.3394,-0.0093
"2026-05-05 16:12:30",24.0,-0.3261,-0.0083
"2026-05-05 16:13:00",24.0,-0.3276,-0.0230
"2026-05-05 16:13:30",24.0,-0.3359,-0.0377
"2026-05-05 16:14:00",24.0,-0.3247,-0.0051
"2026-05-05 16:14:30",24.0,-0.3242,-0.0042
"2026-05-05 16:15:00",24.0,-0.3244,-0.0047
"2026-05-05 16:15:30",24.0,-0.3246,-0.0363
"2026-05-05 16:16:00",24.0,-0.3315,-0.0079
"2026-05-05 16:16:30",24.0,-0.3242,-0.0037
"2026-05-05 16:17:00",24.0,-0.3240,-0.0057
"2026-05-05 16:17:30",24.0,-0.3239,-0.0238
"2026-05-05 16:18:00",24.0,-0.3258,-0.0415
"2026-05-05 16:18:30",24.1,-0.3238,-0.0024
"2026-05-05 16:19:00",24.0,-0.3359,-0.0313
"2026-05-05 16:19:30",24.0,-0.3361,-0.0332
"2026-05-05 16:20:00",24.1,-0.3246,-0.0047
"2026-05-05 16:20:30",24.0,-0.3271,-0.0127
"2026-05-05 16:21:00",24.0,-0.3358,-0.0182
"2026-05-05 16:21:30",24.0,-0.3351,-0.0325
"2026-05-05 16:22:00",24.0,-0.3309,-0.0169
"2026-05-05 16:22:30",24.0,-0.3358,-0.0365
"2026-05-05 16:23:00",24.0,-0.3347,-0.0328
"2026-05-05 16:23:30",24.0,-0.3316,-0.0192
"2026-05-05 16:24:00",24.0,-0.3288,0.0009
"2026-05-05 16:24:30",24.0,-0.3227,0.0010
"2026-05-05 16:25:00",24.0,-0.3219,-0.0051
"2026-05-05 16:25:30",24.0,-0.3375,-0.0477
"2026-05-05 16:26:00",23.9,-0.3241,-0.0051
"2026-05-05 16:26:30",24.0,-0.3234,-0.0027
"2026-05-05 16:27:00",23.9,-0.3221,0.0024
"2026-05-05 16:27:30",23.9,-0.3307,-0.0413
"2026-05-05 16:29:30",23.9,-0.3376,-0.0505
"2026-05-05 16:30:00",23.9,-0.3374,-0.0506
"2026-05-05 16:30:30",23.9,-0.3375,-0.0502
"2026-05-05 16:31:00",23.9,-0.3375,-0.0503
"2026-05-05 16:31:30",23.9,-0.3374,-0.0500
"2026-05-05 16:32:00",23.9,-0.3374,-0.0500
"2026-05-05 16:32:30",23.9,-0.3375,-0.0497
"2026-05-05 16:33:00",23.9,-0.3376,-0.0496
"2026-05-05 16:33:30",23.9,-0.3375,-0.0495
"2026-05-05 16:34:00",23.9,-0.3377,-0.0493
"2026-05-05 16:34:30",23.9,-0.3376,-0.0490
"2026-05-05 16:35:00",23.9,-0.3151,0.0323
"2026-05-05 16:35:30",23.9,-0.3201,0.0286
"2026-05-05 16:36:00",23.9,-0.3297,-0.0127
"2026-05-05 16:36:30",23.9,-0.3243,0.0202
"2026-05-05 16:37:00",23.9,-0.3307,-0.0097
"2026-05-05 16:37:30",23.9,-0.2918,0.0156
"2026-05-05 16:38:00",23.9,-0.2887,0.0354
"2026-05-05 16:38:30",23.9,-0.2960,-0.0071
"2026-05-05 16:39:00",23.9,-0.3064,-0.0068
"2026-05-05 16:39:30",23.9,-0.2932,0.0228
"2026-05-05 16:40:00",23.9,-0.3075,-0.0113
"2026-05-05 16:40:30",23.9,-0.3078,-0.0105
"2026-05-05 16:41:00",23.9,-0.3105,-0.0144
"2026-05-05 16:41:30",23.9,-0.3007,-0.0032
"2026-05-05 16:42:00",23.9,-0.2994,0.0279
"2026-05-05 16:42:30",23.8,-0.2965,0.0394
"2026-05-05 16:43:00",23.8,-0.2970,0.0535
"2026-05-05 16:43:30",23.9,-0.2849,0.0792
"2026-05-05 16:44:00",23.9,-0.2876,0.0817
"2026-05-05 16:44:30",23.9,-0.3035,0.0375
"2026-05-05 16:45:00",23.9,-0.3042,0.0340
"2026-05-05 16:45:30",23.9,-0.3018,0.0464
"2026-05-05 16:46:00",23.9,-0.2978,0.0453
"2026-05-05 16:46:30",23.9,-0.2980,0.0491
"2026-05-05 16:47:00",23.9,-0.2965,0.0502
"2026-05-05 16:47:30",23.9,-0.2937,0.0553
"2026-05-05 16:50:00",23.8,-0.3137,-0.0035
"2026-05-05 16:51:00",23.8,-0.3157,-0.0114
"2026-05-05 16:51:30",23.8,-0.3159,-0.0172
"2026-05-05 16:52:00",23.8,-0.3172,-0.0187
"2026-05-05 16:52:30",23.8,-0.3155,-0.0118
"2026-05-05 16:53:00",23.8,-0.3096,-0.0000
"2026-05-05 16:53:30",23.8,-0.3148,-0.0093
"2026-05-05 16:54:00",23.8,-0.3239,-0.0450
"2026-05-05 16:54:30",23.8,-0.3240,-0.0426
"2026-05-13 09:59:00",22.9,-18.7480,-0.8666
"2026-05-13 09:59:30",22.9,-18.7471,-0.8408
"2026-05-13 10:00:00",22.9,-18.7471,-0.8314
"2026-05-13 10:00:30",22.9,-18.7480,-0.8793
"2026-05-13 10:01:00",22.9,-18.7480,-0.8731
"2026-05-13 10:01:30",22.9,-18.7480,-0.9792
"2026-05-13 10:02:00",22.9,-18.7471,-1.0089
"2026-05-13 10:02:30",22.9,-18.7471,-0.9928
"2026-05-13 10:03:00",23.0,-18.7471,-0.9927
"2026-05-13 10:03:30",23.0,-18.7480,-1.0016
"2026-05-13 10:04:00",23.0,-18.7480,-1.0006
"2026-05-13 10:04:30",23.0,-18.7471,-0.9973
"2026-05-13 10:05:00",23.0,-18.7471,-1.0268
"2026-05-13 10:05:30",23.0,-18.7480,-1.0028
"2026-05-13 10:06:00",23.0,-18.7480,-1.0066
"2026-05-13 10:06:30",23.1,-18.7471,-1.0067
"2026-05-13 10:07:00",23.1,-18.7480,-0.9963
"2026-05-13 10:07:30",23.1,-18.7471,-0.9880
"2026-05-13 10:08:00",23.1,-18.7471,-1.0078
"2026-05-13 10:08:30",23.1,-18.7480,-1.0104
"2026-05-13 10:09:00",23.1,-17.9337,-0.3633
"2026-05-13 10:09:30",23.1,-0.3889,-0.2646
"2026-05-13 10:10:00",23.1,-0.3931,-0.4864
"2026-05-13 10:10:30",23.1,-0.3911,-0.3853
"2026-05-13 10:11:00",23.1,-0.3907,-0.2745
"2026-05-13 10:11:30",23.1,-0.3908,-0.2906
"2026-05-13 10:12:00",23.1,-0.3902,-0.2898
"2026-05-13 10:12:30",23.1,-0.3909,-0.2910
"2026-05-13 10:13:00",23.2,-0.3903,-0.2926
"2026-05-13 10:13:30",23.2,-0.3901,-0.2657
"2026-05-13 10:14:00",23.2,-0.3902,-0.2399
"2026-05-13 10:14:30",23.2,-0.3901,-0.9608
"2026-05-13 10:15:00",23.2,-18.7480,-1.0623
"2026-05-13 10:15:30",23.2,-18.7480,-1.0304
"2026-05-13 10:16:00",23.2,-18.7480,-1.1083
"2026-05-13 10:16:30",23.2,-18.7480,-1.0304
"2026-05-13 10:19:00",23.3,-18.7471,-1.1100
"2026-05-13 10:20:00",23.3,-0.4284,-0.5152
"2026-05-13 10:20:30",23.3,-0.4305,-0.4982
"2026-05-13 10:21:00",23.3,-0.4289,-0.4975
"2026-05-13 10:21:30",23.3,-0.4148,-0.3470
"2026-05-13 10:22:00",23.3,-0.4146,-0.3412
"2026-05-13 10:22:30",23.3,-0.4166,-0.3506
"2026-05-13 10:23:00",23.3,-0.4151,-0.3480
"2026-05-13 10:23:30",23.3,-0.4152,-0.3663
"2026-05-13 10:24:00",23.3,-0.4051,-0.2560
"2026-05-13 10:24:30",23.3,-0.4095,-0.2976
"2026-05-13 10:25:00",23.3,-0.4095,-0.2990
"2026-05-13 10:25:30",23.3,-0.4092,-0.3025
"2026-05-13 10:26:00",23.4,-0.4140,-0.2956
"2026-05-13 10:26:30",23.4,-0.4040,-0.2646
"2026-05-13 10:27:00",23.4,-0.4033,-0.2772
"2026-05-13 10:27:30",23.4,-0.4060,-0.2778
"2026-05-13 10:28:00",23.4,-0.4065,-0.2799
"2026-05-13 10:28:30",23.4,-0.4047,-0.2851
"2026-05-13 10:29:00",23.4,-0.4046,-0.2845
"2026-05-13 10:29:30",23.4,-0.4043,-0.2841
"2026-05-13 10:30:00",23.4,-0.4034,-0.2699
"2026-05-13 10:30:30",23.4,-0.4039,-0.2888
"2026-05-13 10:31:00",23.4,-0.4047,-0.2918
"2026-05-13 10:31:30",23.4,-0.4039,-0.2766
"2026-05-13 10:32:00",23.4,-0.4029,-0.2651
"2026-05-13 10:32:30",23.4,-18.7471,-1.0084
"2026-05-13 10:33:00",23.4,-18.7480,-1.0107
"2026-05-13 10:33:30",23.4,-18.7471,-1.0150
"2026-05-13 10:34:00",23.5,-18.7470,-1.0063
"2026-05-13 10:34:30",23.5,-18.7479,-0.9908
"2026-05-13 10:35:00",23.6,-18.7470,-0.9838
"2026-05-13 10:35:30",23.6,-18.7479,-0.4331
"2026-05-13 10:36:00",23.6,-0.5960,-0.1399
"2026-05-13 10:36:30",23.7,-0.5994,-0.1774
"2026-05-13 10:37:00",23.8,-0.5990,-0.1772
"2026-05-13 10:39:30",23.9,-0.5989,-0.1760
"2026-05-13 10:40:00",23.9,-0.5929,-0.1215
"2026-05-13 10:40:30",24.0,-0.4222,-0.3546
"2026-05-13 10:41:00",24.0,-0.4232,-0.3571
"2026-05-13 10:41:30",24.1,-0.4236,-0.3557
"2026-05-13 10:42:00",24.1,-0.3999,-0.3115
"2026-05-13 10:42:30",24.1,-0.4199,-0.3608
"2026-05-13 10:43:00",24.1,-0.4224,-0.3636
"2026-05-13 10:43:30",24.1,-0.4206,-0.3569
"2026-05-13 10:44:00",24.1,-0.4337,-0.3878
"2026-05-13 10:44:30",24.1,-0.4372,-0.3943
"2026-05-13 10:45:00",24.1,-0.3932,-0.2848
"2026-05-13 10:45:30",24.1,-0.3960,-0.2923
"2026-05-13 10:46:00",24.1,-18.7470,-1.1506
"2026-05-13 10:46:30",24.1,-18.7479,-1.1537
"2026-05-13 10:47:00",24.1,-18.7479,-1.0282
"2026-05-13 10:47:30",24.1,-10.5641,0.1298
"2026-05-13 10:48:00",24.1,-4.0090,0.1072
"2026-05-13 10:48:30",24.1,-4.0173,0.0977
"2026-05-13 10:49:00",24.1,-4.0134,0.0932
"2026-05-13 10:49:30",24.1,-4.0136,0.0880
"2026-05-13 10:50:00",24.1,-4.0158,0.0752
"2026-05-13 10:50:30",24.1,-4.0108,0.0907
"2026-05-13 10:51:00",24.1,-4.0169,0.0863
"2026-05-13 10:51:30",24.1,-4.0148,0.0821
"2026-05-13 10:52:00",24.1,-4.0051,0.1116
"2026-05-13 10:52:30",24.1,-4.0010,0.1124
"2026-05-13 10:53:00",24.1,-4.0001,0.0985
"2026-05-13 10:53:30",24.1,-4.0027,0.0948
"2026-05-13 10:54:00",24.1,-4.0020,0.1260
"2026-05-13 10:54:30",24.1,-3.9936,0.1072
"2026-05-13 10:55:00",24.1,-4.0048,0.0961
"2026-05-13 10:55:30",24.1,-4.0077,0.0946
"2026-05-13 10:56:00",24.1,-4.0026,0.1263
"2026-05-13 10:56:30",24.1,-3.9905,0.1296
"2026-05-13 10:57:00",24.1,-3.9901,0.1300
"2026-05-13 10:57:30",24.1,-4.0537,0.0846
"2026-05-13 11:00:00",24.1,-4.0054,0.0904
"2026-05-13 11:01:00",24.1,-3.9973,0.1120
"2026-05-13 11:01:30",24.1,-3.9991,0.0996
"2026-05-13 11:02:00",24.1,-4.0001,0.0969
"2026-05-13 11:02:30",24.1,-3.9902,0.0965
"2026-05-13 11:03:00",24.1,-3.9939,0.1113
"2026-05-13 11:03:30",24.1,-3.9943,0.1117
"2026-05-13 11:04:00",24.1,-3.9921,0.1127
"2026-05-13 11:04:30",24.1,-3.9989,0.1108
"2026-05-13 11:05:00",24.0,-3.9975,0.1008
"2026-05-13 11:05:30",24.1,-3.9924,0.1013
"2026-05-13 11:06:00",24.0,-3.9928,0.1131
"2026-05-13 11:06:30",24.1,-3.9990,0.0857
"2026-05-13 11:07:00",24.1,-4.0036,0.0873
"2026-05-13 11:07:30",24.1,-4.0040,0.0883
"2026-05-13 11:08:00",24.1,-3.9897,0.1145
"2026-05-13 11:08:30",24.0,-3.9922,0.1128
"2026-05-13 11:09:00",24.1,-3.9917,0.1133
"2026-05-13 11:09:30",24.0,-3.9918,0.1135
"2026-05-13 11:10:00",24.0,-3.9962,0.1006
"2026-05-13 11:10:30",24.1,-3.9971,0.1043
"2026-05-13 11:11:00",24.0,-3.9931,0.1098
"2026-05-13 11:11:30",24.1,-3.9911,0.1137
"2026-05-13 11:12:00",24.1,-3.9903,0.1133
"2026-05-13 11:12:30",24.0,-3.9925,0.1102
"2026-05-13 11:13:00",24.0,-3.9919,0.1110
"2026-05-13 11:13:30",24.1,-3.9917,0.1112
"2026-05-13 11:14:00",24.1,-3.9940,0.1157
"2026-05-13 11:14:30",24.0,-3.9894,0.1164
"2026-05-13 11:15:00",24.0,-3.9860,0.1159
"2026-05-13 11:15:30",24.0,-3.9886,0.1181
"2026-05-13 11:16:00",24.1,-3.9886,0.1173
"2026-05-13 11:16:30",24.0,-3.9924,0.1101
"2026-05-13 11:17:00",24.0,-3.9927,0.1098
"2026-05-13 11:17:30",24.1,-3.9919,0.1107
"2026-05-13 11:20:30",24.0,-3.9929,0.1069
"2026-05-13 11:21:00",24.1,-3.9933,0.1076
"2026-05-13 11:21:30",24.1,-3.9932,0.1123
"2026-05-13 11:22:00",24.1,-3.9923,0.1061
"2026-05-13 11:22:30",24.1,-3.9930,0.1062
"2026-05-13 11:23:00",24.0,-3.9870,0.1204
"2026-05-13 11:23:30",24.1,-3.9868,0.1207
"2026-05-13 11:24:00",24.1,-3.9925,0.1059
"2026-05-13 11:24:30",24.1,-3.9894,0.1202
"2026-05-13 11:25:00",24.1,-4.0058,-0.6307
"2026-05-13 11:25:30",24.1,-18.7470,-1.1006
"2026-05-13 11:26:00",24.1,-18.7470,-1.0521
"2026-05-13 11:26:30",24.1,-18.7470,-1.0676
"2026-05-13 11:27:00",24.1,-18.7470,-1.0662
"2026-05-13 11:27:30",24.1,-15.8546,-0.2582
"2026-05-13 11:28:00",24.1,-1.1960,-0.2804
"2026-05-13 11:28:30",24.1,-1.1986,-0.2805
"2026-05-13 11:29:00",24.1,-1.1963,-0.2785
"2026-05-13 11:29:30",24.1,-1.1921,-0.2726
"2026-05-13 11:30:00",24.1,-0.3866,-0.2551
"2026-05-13 11:30:30",24.1,-0.3911,-0.2473
"2026-05-13 11:31:00",24.1,-0.3915,-0.2504
"2026-05-13 11:31:30",24.1,-0.3916,-0.2495
"2026-05-13 11:32:00",24.1,-0.3920,-0.2522
"2026-05-13 11:32:30",24.1,-0.3919,-0.2504
"2026-05-13 11:33:00",24.1,-0.3919,-0.2507
"2026-05-13 11:33:30",24.1,-0.3900,-0.2418
"2026-05-13 11:34:00",24.1,-0.3991,-0.2767
"2026-05-13 11:34:30",24.1,-0.4008,-0.2816
"2026-05-13 11:35:00",24.1,-0.3992,-0.2676
"2026-05-13 11:35:30",24.1,-0.4034,2.8678
"2026-05-13 11:36:00",24.1,-1.1374,18.5935
"2026-05-13 11:36:30",24.1,-1.1154,18.5935
"2026-05-13 11:37:00",24.1,-1.1752,18.5935
"2026-05-13 11:37:30",24.1,-1.1532,18.5926
"2026-05-13 11:38:00",24.1,-1.1587,18.5935
"2026-05-13 11:38:30",24.1,-0.4238,-0.3206
"2026-05-13 11:41:00",24.1,-0.4066,-0.4189
"2026-05-13 11:42:00",24.2,-18.7470,-1.0091
"2026-05-13 11:42:30",24.2,-18.7470,-1.0224
"2026-05-13 11:43:00",24.2,-18.7479,-1.0331
"2026-05-13 11:43:30",24.2,-18.7479,-1.0770
"2026-05-13 11:44:00",24.2,-18.7479,-1.0348
"2026-05-13 11:44:30",24.3,-18.7470,-1.0342
"2026-05-13 11:45:00",24.3,-18.7470,-1.0340
"2026-05-13 11:45:30",24.3,-18.7470,-1.0337
"2026-05-13 11:46:00",24.3,-18.7470,-1.0339
"2026-05-13 11:46:30",24.3,-18.7469,-1.0336
"2026-05-13 11:47:00",24.3,-18.7469,-1.0337
"2026-05-13 11:47:30",24.3,-18.7469,-1.0336
"2026-05-13 11:48:00",24.3,-18.7479,-1.0336
"2026-05-13 11:48:30",24.3,-18.7469,-1.0338
"2026-05-13 11:49:00",24.3,-18.7479,-1.0340
"2026-05-13 11:49:30",24.3,-18.7469,-1.0337
"2026-05-13 11:50:00",24.3,-18.7469,-1.0338
"2026-05-13 11:50:30",24.3,-18.7479,-1.0337
"2026-05-13 11:51:00",24.3,-0.4077,-0.2142
"2026-05-13 11:51:30",24.3,-0.4066,-0.4053
"2026-05-13 11:52:00",24.3,-0.4087,-0.2150
"2026-05-13 11:52:30",24.3,-0.4085,-0.2143
"2026-05-13 11:53:00",24.3,-0.4088,-0.2139
"2026-05-13 11:53:30",24.3,-0.4089,-0.2329
"2026-05-13 11:54:00",24.3,-0.4107,-0.2181
"2026-05-13 11:54:30",24.3,-0.4103,-0.2179
"2026-05-13 11:55:00",24.3,-0.4106,-0.2179
"2026-05-13 11:55:30",24.3,-0.4104,-0.2182
"2026-05-13 11:56:00",24.3,-0.4106,-0.2177
"2026-05-13 11:56:30",24.3,-0.4106,-0.2181
"2026-05-13 11:57:00",24.3,-0.4105,-0.2181
"2026-05-13 11:57:30",24.3,-0.4104,-0.2184
"2026-05-13 11:58:00",24.3,-0.4105,-0.2184
"2026-05-13 11:58:30",24.3,-0.4105,-0.2186
"2026-05-13 11:59:00",24.3,-0.4104,-0.2185
"2026-05-13 12:01:30",24.3,-0.4104,-0.2191
"2026-05-13 12:02:00",24.3,-0.4105,-0.2189
"2026-05-13 12:02:30",24.3,-0.4104,-0.2193
"2026-05-13 12:03:00",24.3,-0.4104,-0.2194
"2026-05-13 12:03:30",24.3,-0.4104,-0.2195
"2026-05-13 12:04:00",24.3,-0.4104,-0.2198
"2026-05-13 12:04:30",24.3,-0.4103,-0.2198
"2026-05-13 12:05:00",24.3,-0.4104,-0.2198
"2026-05-13 12:05:30",24.3,-0.4101,-0.2198
"2026-05-13 12:06:00",24.3,-0.4099,-0.2203
"2026-05-13 12:06:30",24.3,-0.4100,-0.2200
"2026-05-13 12:07:00",24.3,-0.4101,-0.2205
"2026-05-13 12:07:30",24.3,-0.4100,-0.2206
"2026-05-13 12:08:00",24.3,-0.4100,-0.2205
"2026-05-13 12:08:30",24.3,-0.4102,-0.2206
"2026-05-13 12:09:00",24.3,-0.4102,-0.2206
"2026-05-13 12:09:30",24.3,-0.4099,-0.2209
"2026-05-13 12:10:00",24.3,-0.4100,-0.2211
"2026-05-13 12:10:30",24.3,-0.4101,-0.2207
"2026-05-13 12:11:00",24.3,-0.4101,-0.2209
"2026-05-13 12:11:30",24.3,-0.4099,-0.2211
"2026-05-13 12:12:00",24.3,-0.4101,-0.2211
"2026-05-13 12:12:30",24.3,-0.4101,-0.2213
"2026-05-13 12:13:00",24.3,-0.4100,-0.2216
"2026-05-13 12:13:30",24.2,-0.4100,-0.2214
"2026-05-13 12:14:00",24.3,-0.4102,-0.2214
"2026-05-13 12:14:30",24.3,-0.4099,-0.2216
"2026-05-13 12:15:00",24.2,-0.4100,-0.2216
"2026-05-13 12:15:30",24.2,-0.4099,-0.2216
"2026-05-13 12:16:00",24.2,-0.4100,-0.2218
"2026-05-13 12:16:30",24.2,-0.4100,-0.2219
"2026-05-13 12:17:00",24.2,-0.4098,-0.2219
"2026-05-13 12:17:30",24.2,-0.4098,-0.2221
"2026-05-13 12:18:00",24.2,-0.4097,-0.2220
"2026-05-13 12:18:30",24.2,-0.4101,-0.2222
"2026-05-13 12:19:00",24.2,-0.4098,-0.2220
"2026-05-13 12:19:30",24.2,-0.4097,-0.2223
"2026-05-13 12:22:00",24.2,-0.4098,-0.2224
"2026-05-13 12:22:30",24.2,-0.4097,-0.2224
"2026-05-13 12:23:00",24.2,-0.4099,-0.2227
"2026-05-13 12:23:30",24.1,-0.4098,-0.2227
"2026-05-13 12:24:00",24.1,-0.4098,-0.2228
"2026-05-13 12:24:30",24.1,-0.4096,-0.2224
"2026-05-13 12:25:00",24.1,-0.4097,-0.2226
"2026-05-13 12:25:30",24.1,-0.4096,-0.2227
"2026-05-13 12:26:00",24.1,-0.4097,-0.2227
"2026-05-13 12:26:30",24.1,-0.4098,-0.2229
"2026-05-13 12:27:00",24.1,-0.4096,-0.2228
"2026-05-13 12:27:30",24.1,-0.4097,-0.2229
"2026-05-13 12:28:00",24.1,-0.4097,-0.2229
"2026-05-13 12:28:30",24.1,-0.4095,-0.2229
"2026-05-13 12:29:00",24.1,-0.4096,-0.2231
"2026-05-13 12:29:30",24.1,-0.4097,-0.2229
"2026-05-13 12:30:00",24.1,-0.4096,-0.2228
"2026-05-13 12:30:30",24.1,-0.4097,-0.2232
"2026-05-13 12:31:00",24.1,-0.4098,-0.2231
"2026-05-13 12:31:30",24.1,-0.4097,-0.2233
"2026-05-13 12:32:00",24.1,-0.4098,-0.2232
"2026-05-13 12:32:30",24.1,-0.4097,-0.2231
"2026-05-13 12:33:00",24.1,-0.4095,-0.2232
"2026-05-13 12:33:30",24.1,-0.4097,-0.2233
"2026-05-13 12:34:00",24.1,-0.4099,-0.2231
"2026-05-13 12:34:30",24.1,-0.4097,-0.2234
"2026-05-13 12:35:00",24.1,-0.4094,-0.2236
"2026-05-13 12:35:30",24.1,-0.4094,-0.2236
"2026-05-13 12:36:00",24.1,-0.4096,-0.2236
"2026-05-13 12:36:30",24.1,-0.4094,-0.2235
"2026-05-13 12:37:00",24.1,-0.4094,-0.2238
"2026-05-13 12:37:30",24.1,-0.4095,-0.2238
"2026-05-13 12:38:00",24.0,-0.4096,-0.2238
"2026-05-13 12:38:30",24.1,-0.4098,-0.2237
"2026-05-13 12:39:00",24.0,-0.4096,-0.2238
"2026-05-13 12:39:30",24.0,-0.4096,-0.2238
"2026-05-13 12:42:00",24.0,-0.4094,-0.2238
"2026-05-13 12:42:30",24.0,-0.4096,-0.2238
"2026-05-13 12:43:00",24.0,-0.4095,-0.2242
"2026-05-13 12:43:30",24.0,-0.4095,-0.2242
"2026-05-13 12:44:00",24.0,-0.4098,-0.2241
"2026-05-13 12:44:30",24.0,-0.4094,-0.2238
"2026-05-13 12:45:00",24.0,-0.4095,-0.2239
"2026-05-13 12:45:30",24.0,-0.4094,-0.2240
"2026-05-13 12:46:00",24.0,-0.4100,-0.2239
"2026-05-13 12:46:30",24.0,-0.4950,-0.4434
"2026-05-13 12:47:00",24.0,-0.5038,-0.4551
"2026-05-13 12:47:30",24.0,-0.5078,-0.4616
"2026-05-13 12:48:00",23.9,-0.5103,-0.4637
"2026-05-13 12:48:30",24.0,-0.4673,-0.3800
"2026-05-13 12:49:00",24.0,-0.4752,-0.3811
"2026-05-13 12:49:30",24.0,-0.4728,-0.4051
"2026-05-13 12:50:00",24.0,-0.4771,-0.3965
"2026-05-13 12:50:30",24.0,-0.4780,-0.3964
"2026-05-13 12:51:00",23.9,-0.4551,-0.3485
"2026-05-13 12:51:30",24.0,-0.4795,-0.3987
"2026-05-13 12:52:00",24.0,-0.4769,-0.3834
"2026-05-13 12:52:30",24.0,-0.4324,-0.2850
"2026-05-13 12:53:00",24.0,-0.4487,-0.3205
"2026-05-13 12:53:30",24.0,-0.4447,-0.3694
"2026-05-13 12:54:00",24.0,-0.4299,-0.2666
"2026-05-13 12:54:30",23.9,-0.4501,-0.3200
"2026-05-13 12:55:00",24.0,-0.4505,-0.3247
"2026-05-13 12:55:30",24.0,-0.4506,-0.2947
"2026-05-13 12:56:00",24.0,-0.4517,-0.3235
"2026-05-13 12:56:30",24.0,-0.4388,-0.2900
"2026-05-13 12:57:00",24.0,-0.4310,-0.2656
"2026-05-13 12:57:30",24.0,-0.4277,-0.2637
"2026-05-13 12:58:00",24.0,-0.4723,-0.3619
"2026-05-13 12:58:30",24.0,-0.4598,-0.3796
"2026-05-13 12:59:00",24.0,-0.4710,-0.3784
"2026-05-13 12:59:30",24.0,-0.4422,-0.3763
"2026-05-13 13:00:00",24.0,-0.4495,-0.3177
"2026-05-13 13:02:30",24.1,-0.4871,-0.3809
"2026-05-13 13:03:00",24.1,-0.4779,-0.4012
"2026-05-13 13:03:30",24.1,-0.4861,-0.3672
"2026-05-13 13:04:00",24.1,-0.4863,-0.4074
"2026-05-13 13:04:30",24.1,-0.4822,-0.3985
"2026-05-13 13:05:00",24.1,-0.4712,-0.3595
"2026-05-13 13:05:30",24.1,-0.4860,-0.4038
"2026-05-13 13:06:00",24.1,-0.4857,-0.4040
"2026-05-13 13:06:30",24.1,-0.4435,-0.2516
"2026-05-13 13:07:00",24.1,-0.4472,-0.2873
"2026-05-13 13:07:30",24.1,-0.4529,-0.3207
"2026-05-13 13:08:00",24.1,-0.4469,-0.3028
"2026-05-13 13:08:30",24.1,-0.4504,-0.3066
"2026-05-13 13:09:00",24.1,-0.4403,-0.2905
"2026-05-13 13:09:30",24.1,-0.4538,-0.3230
"2026-05-13 13:10:00",24.1,-0.4480,-0.3068
"2026-05-13 13:10:30",24.1,-0.4574,-0.3245
"2026-05-13 13:11:00",24.1,-0.4536,-0.3130
"2026-05-13 13:11:30",24.1,-0.4600,-0.3267
"2026-05-13 13:12:00",24.1,-0.4593,-0.3253
"2026-05-13 13:12:30",24.1,-0.4584,-0.3258
"2026-05-13 13:13:00",24.1,-0.4595,-0.3251
"2026-05-13 13:13:30",24.1,-0.4530,-0.3263
"2026-05-13 13:14:00",24.1,-0.4551,-0.3299
"2026-05-13 13:14:30",24.1,-0.4563,-0.3287
"2026-05-13 13:15:00",24.1,-0.4548,-0.3278
"2026-05-13 13:15:30",24.1,-0.4550,-0.3260
"2026-05-13 13:16:00",24.2,-0.4577,-0.3364
"2026-05-13 13:16:30",24.2,-0.4489,-0.2949
"2026-05-13 13:17:00",24.2,-0.4482,-0.2990
"2026-05-13 13:17:30",24.2,-0.4300,-0.2751
"2026-05-13 13:18:00",24.2,-0.4441,-0.3007
"2026-05-13 13:18:30",24.2,-0.4476,-0.3055
"2026-05-13 13:19:00",24.2,-0.4450,-0.3045
"2026-05-13 13:19:30",24.2,-0.4444,-0.3037
"2026-05-13 13:20:00",24.2,-0.4437,-0.3009
"2026-05-13 13:20:30",24.2,-0.4423,-0.2984
"2026-05-13 13:23:00",24.3,-0.4809,-0.3759
"2026-05-13 13:23:30",24.3,-0.4767,-0.3898
"2026-05-13 13:24:00",24.3,-0.4901,-0.4107
"2026-05-13 13:24:30",24.3,-0.4929,-0.4163
"2026-05-13 13:25:00",24.3,-0.4101,-0.2409
"2026-05-13 13:25:30",24.3,-0.4321,-0.2674
"2026-05-13 13:26:00",24.3,-0.4332,-0.2614
"2026-05-13 13:26:30",24.3,-0.4183,-0.2415
"2026-05-13 13:27:00",24.3,-0.4190,-0.2439
"2026-05-13 13:27:30",24.3,-0.4166,-0.2418
"2026-05-13 13:28:00",24.3,-0.4189,-0.2449
"2026-05-13 13:28:30",24.3,-0.4192,-0.2310
"2026-05-13 13:29:00",24.3,-0.4195,-0.2461
"2026-05-13 13:29:30",24.3,-0.4075,-0.2315
"2026-05-13 13:30:00",24.3,-0.4176,-0.2433
"2026-05-13 13:30:30",24.3,-0.4177,-0.2553
"2026-05-13 13:31:00",24.3,-0.4287,-0.2691
"2026-05-13 13:31:30",24.3,-0.4132,-0.2387
"2026-05-13 13:32:00",24.3,-0.4152,-0.2396
"2026-05-13 13:32:30",24.3,-0.4148,-0.2384
"2026-05-13 13:33:00",24.3,-0.4301,-0.2714
"2026-05-13 13:33:30",24.3,-0.4309,-0.2694
"2026-05-13 13:34:00",24.3,-0.4146,-0.2559
"2026-05-13 13:34:30",24.3,-0.4331,-0.2813
"2026-05-13 13:35:00",24.3,-0.4151,-0.2285
"2026-05-13 13:35:30",24.3,-0.4132,-0.2291
"2026-05-13 13:36:00",24.3,-0.4130,-0.2297
"2026-05-13 13:36:30",24.3,-0.4132,-0.2299
"2026-05-13 13:37:00",24.3,-0.4081,-0.2171
"2026-05-13 13:37:30",24.3,-0.4075,-0.2167
"2026-05-13 13:38:00",24.3,-0.4072,-0.2163
"2026-05-13 13:38:30",24.3,-0.4073,-0.2166
"2026-05-13 13:39:00",24.3,-0.4073,-0.2165
"2026-05-13 13:39:30",24.3,-0.4076,-0.2163
"2026-05-13 13:40:00",24.3,-0.4074,-0.2160
"2026-05-13 13:40:30",24.4,-0.4072,-0.2161
"2026-05-13 13:43:30",24.4,-0.4073,-0.2154
"2026-05-13 13:44:00",24.4,-0.4071,-0.2158
"2026-05-13 13:44:30",24.4,-0.4072,-0.2158
"2026-05-13 13:45:00",24.4,-0.4298,-0.2742
"2026-05-13 13:45:30",24.4,-0.4290,-0.2926
"2026-05-13 13:46:00",24.4,-0.4381,-0.2818
"2026-05-13 13:46:30",24.4,-0.4334,-0.2818
"2026-05-13 13:47:00",24.4,-0.4457,-0.3122
"2026-05-13 13:47:30",24.4,-0.4097,-0.2191
"2026-05-13 13:48:00",24.4,-0.4091,-0.2185
"2026-05-13 13:48:30",24.4,-0.4096,-0.2189
"2026-05-13 13:49:00",24.4,-0.4094,-0.2188
"2026-05-13 13:49:30",24.4,-0.4094,-0.2185
"2026-05-13 13:50:00",24.4,-0.4095,-0.2186
"2026-05-13 13:50:30",24.4,-0.4090,-0.2184
"2026-05-13 13:51:00",24.4,-0.4094,-0.2185
"2026-05-13 13:51:30",24.4,-0.4091,-0.2185
"2026-05-13 13:52:00",24.4,-0.4091,-0.2182
"2026-05-13 13:52:30",24.4,-0.4090,-0.2186
"2026-05-13 13:53:00",24.4,-0.4090,-0.2184
"2026-05-13 13:53:30",24.4,-0.4090,-0.2186
"2026-05-13 13:54:00",24.4,-0.4091,-0.2184
"2026-05-13 13:54:30",24.4,-0.4089,-0.2188
"2026-05-13 13:55:00",24.4,-0.4088,-0.2190
"2026-05-13 13:55:30",24.4,-0.4089,-0.2189
"2026-05-13 13:56:00",24.4,-0.4088,-0.2191
"2026-05-13 13:56:30",24.4,-0.4088,-0.2189
"2026-05-13 13:57:00",24.4,-0.4087,-0.2191
"2026-05-13 13:57:30",24.4,-0.4089,-0.2190
"2026-05-13 13:58:00",24.4,-0.4086,-0.2192
"2026-05-13 13:58:30",24.4,-0.4090,-0.2193
"2026-05-13 13:59:00",24.4,-0.4089,-0.2195
"2026-05-13 13:59:30",24.4,-0.4087,-0.2195
"2026-05-13 14:00:00",24.4,-0.4087,-0.2196
"2026-05-13 14:00:30",24.4,-0.4084,-0.2195
"2026-05-13 14:01:00",24.4,-0.4084,-0.2198
"2026-05-13 14:01:30",24.4,-0.4084,-0.2199
"2026-05-13 14:03:30",24.4,-0.4084,-0.2200
"2026-05-13 14:04:30",24.4,-0.4083,-0.2201
"2026-05-13 14:05:00",24.4,-0.4082,-0.2198
"2026-05-13 14:05:30",24.4,-0.4082,-0.2202
"2026-05-13 14:06:00",24.4,-0.4085,-0.2205
"2026-05-13 14:06:30",24.4,-0.4083,-0.2202
"2026-05-13 14:07:00",24.4,-0.4081,-0.2206
"2026-05-13 14:07:30",24.4,-0.4080,-0.2204
"2026-05-13 14:08:00",24.4,-0.4081,-0.2206
"2026-05-13 14:08:30",24.4,-0.4082,-0.2206
"2026-05-13 14:09:00",24.3,-0.4081,-0.2207
"2026-05-13 14:09:30",24.3,-0.4079,-0.2207
"2026-05-13 14:10:00",24.3,-0.4081,-0.2206
"2026-05-13 14:10:30",24.3,-0.4083,-0.2209
"2026-05-13 14:11:00",24.3,-0.4080,-0.2208
"2026-05-13 14:11:30",24.3,-0.4079,-0.2209
"2026-05-13 14:12:00",24.3,-0.4079,-0.2209
"2026-05-13 14:12:30",24.3,-0.4080,-0.2211
"2026-05-13 14:13:00",24.3,-0.4080,-0.2212
"2026-05-13 14:13:30",24.3,-0.4079,-0.2210
"2026-05-13 14:14:00",24.3,-0.4080,-0.2213
"2026-05-13 14:14:30",24.3,-0.4079,-0.2209
"2026-05-13 14:15:00",24.3,-0.4077,-0.2210
"2026-05-13 14:15:30",24.3,-0.4079,-0.2207
"2026-05-13 14:16:00",24.3,-0.4077,-0.2211
"2026-05-13 14:16:30",24.3,-0.4079,-0.2213
"2026-05-13 14:17:00",24.3,-0.4079,-0.2213
"2026-05-13 14:17:30",24.3,-0.4078,-0.2213
"2026-05-13 14:18:00",24.3,-0.4076,-0.2215
"2026-05-13 14:18:30",24.3,-0.4081,-0.2212
"2026-05-13 14:19:00",24.3,-0.4077,-0.2212
"2026-05-13 14:19:30",24.3,-0.4078,-0.2212
"2026-05-13 14:20:00",24.3,-0.4077,-0.2214
"2026-05-13 14:20:30",24.3,-0.4076,-0.2213
"2026-05-13 14:21:00",24.3,-0.4076,-0.2215
"2026-05-13 14:21:30",24.3,-0.4078,-0.2214
"2026-05-13 14:24:00",24.3,-0.4075,-0.2216
"2026-05-13 14:24:30",24.3,-0.4076,-0.2219
"2026-05-13 14:25:00",24.3,-0.4077,-0.2216
"2026-05-13 14:25:30",24.3,-0.4074,-0.2217
"2026-05-13 14:26:00",24.3,-0.4079,-0.2217
"2026-05-13 14:26:30",24.3,-0.4076,-0.2219
"2026-05-13 14:27:00",24.3,-0.4077,-0.2218
"2026-05-13 14:27:30",24.3,-0.4075,-0.2217
"2026-05-13 14:28:00",24.3,-0.4078,-0.2216
"2026-05-13 14:28:30",24.3,-0.4072,-0.2218
"2026-05-13 14:29:00",24.3,-0.4076,-0.2216
"2026-05-13 14:29:30",24.3,-0.4078,-0.2220
"2026-05-13 14:30:00",24.3,-0.4076,-0.2218
"2026-05-13 14:30:30",24.3,-0.4079,-0.2217
"2026-05-13 14:31:00",24.3,-0.4075,-0.2219
"2026-05-13 14:31:30",24.2,-0.4073,-0.2217
"2026-05-13 14:32:00",24.2,-0.4077,-0.2220
"2026-05-13 14:32:30",24.2,-0.4073,-0.2218
"2026-05-13 14:33:00",24.2,-0.4074,-0.2218
"2026-05-13 14:33:30",24.2,-0.4076,-0.2219
"2026-05-13 14:34:00",24.2,-0.4075,-0.2218
"2026-05-13 14:34:30",24.2,-0.4075,-0.2219
"2026-05-13 14:35:00",24.2,-0.4076,-0.2219
"2026-05-13 14:35:30",24.2,-0.4073,-0.2219
"2026-05-13 14:36:00",24.2,-0.4073,-0.2220
"2026-05-13 14:36:30",24.2,-0.4075,-0.2221
"2026-05-13 14:37:00",24.2,-0.4075,-0.2219
"2026-05-13 14:37:30",24.2,-0.4074,-0.2221
"2026-05-13 14:38:00",24.2,-0.4076,-0.2219
"2026-05-13 14:38:30",24.2,-0.4076,-0.2219
"2026-05-13 14:39:00",24.2,-0.4074,-0.2222
"2026-05-13 14:39:30",24.2,-0.4077,-0.2219
"2026-05-13 14:40:00",24.2,-0.4074,-0.2220
"2026-05-13 14:40:30",24.2,-0.4075,-0.2219
"2026-05-13 14:41:00",24.2,-0.4074,-0.2219
"2026-05-13 14:41:30",24.2,-0.4075,-0.2221
"2026-05-13 14:42:00",24.2,-0.4074,-0.2221
"2026-05-13 14:44:30",24.2,-0.4075,-0.2221
"2026-05-13 14:45:00",24.2,-0.4072,-0.2220
"2026-05-13 14:45:30",24.1,-0.4076,-0.2222
"2026-05-13 14:46:00",24.1,-0.4076,-0.2220
"2026-05-13 14:46:30",24.1,-0.4075,-0.2219
"2026-05-13 14:47:00",24.1,-0.4075,-0.2220
"2026-05-13 14:47:30",24.1,-0.4075,-0.2220
"2026-05-13 14:48:00",24.1,-0.4077,-0.2219
"2026-05-13 14:48:30",24.1,-0.4074,-0.2219
"2026-05-13 14:49:00",24.1,-0.4073,-0.2223
"2026-05-13 14:49:30",24.1,-0.4077,-0.2218
"2026-05-13 14:50:00",24.1,-0.4077,-0.2216
"2026-05-13 14:50:30",24.1,-0.4077,-0.2220
"2026-05-13 14:51:00",24.1,-0.4074,-0.2221
"2026-05-13 14:51:30",24.1,-0.4074,-0.2219
"2026-05-13 14:52:00",24.1,-0.4076,-0.2219
"2026-05-13 14:52:30",24.1,-0.4076,-0.2220
"2026-05-13 14:53:00",24.1,-0.4061,-0.2193
"2026-05-13 14:53:30",24.1,-0.4703,-0.4053
"2026-05-13 14:54:00",24.1,-0.4074,-0.2213
"2026-05-13 14:54:30",24.1,-0.5048,-0.5034
"2026-05-13 14:55:00",24.1,-0.5335,-0.6843
"2026-05-13 14:55:30",24.1,-0.4972,-0.4534
"2026-05-13 14:56:00",24.1,-0.4971,-0.4502
"2026-05-13 14:56:30",24.1,-0.4807,-0.4060
"2026-05-13 14:57:00",24.1,-0.4706,-0.3572
"2026-05-13 14:57:30",24.1,-0.4705,-0.3798
"2026-05-13 14:58:00",24.1,-0.4712,-0.3850
"2026-05-13 14:58:30",24.1,-0.4535,-0.3346
"2026-05-13 14:59:00",24.1,-0.4745,-0.3884
"2026-05-13 14:59:30",24.1,-0.4577,-0.3810
"2026-05-13 15:00:00",24.1,-0.4637,-0.3783
"2026-05-13 15:00:30",24.1,-0.4514,-0.3316
"2026-05-13 15:01:00",24.1,-0.4640,-0.3648
"2026-05-13 15:01:30",24.1,-0.4797,-0.4026
"2026-05-13 15:02:00",24.1,-0.4802,-0.4033
"2026-05-13 15:02:30",24.1,-0.4121,-0.2235
"2026-05-13 15:05:00",24.2,-0.4096,-0.2205
"2026-05-13 15:05:30",24.2,-0.4097,-0.2203
"2026-05-13 15:06:00",24.2,-0.4096,-0.2205
"2026-05-13 15:06:30",24.2,-0.4094,-0.2204
"2026-05-13 15:07:00",24.2,-0.4092,-0.2199
"2026-05-13 15:07:30",24.2,-0.4092,-0.2193
"2026-05-13 15:08:00",24.2,-0.4094,-0.2199
"2026-05-13 15:08:30",24.2,-0.4090,-0.2197
"2026-05-13 15:09:00",24.2,-0.4089,-0.2194
"2026-05-13 15:09:30",24.2,-0.4090,-0.2198
"2026-05-13 15:10:00",24.2,-0.4086,-0.2199
"2026-05-13 15:10:30",24.2,-0.4087,-0.2198
"2026-05-13 15:11:00",24.2,-0.4088,-0.2196
"2026-05-13 15:11:30",24.2,-0.4086,-0.2197
"2026-05-13 15:12:00",24.2,-0.4086,-0.2200
"2026-05-13 15:12:30",24.2,-0.4085,-0.2199
"2026-05-13 15:13:00",24.2,-0.4084,-0.2202
"2026-05-13 15:13:30",24.2,-0.4082,-0.2203
"2026-05-13 15:14:00",24.2,-0.4084,-0.2203
"2026-05-13 15:14:30",24.2,-0.4086,-0.2199
"2026-05-13 15:15:00",24.2,-0.4082,-0.2201
"2026-05-13 15:15:30",24.2,-0.4080,-0.2207
"2026-05-13 15:16:00",24.2,-0.4009,-0.2014
"2026-05-13 15:16:30",24.2,-0.4003,-0.2012
"2026-05-13 15:17:00",24.2,-0.4000,-0.2014
"2026-05-13 15:17:30",24.2,-0.3999,-0.2017
"2026-05-13 15:18:00",24.2,-0.3998,-0.2018
"2026-05-13 15:18:30",24.2,-0.3998,-0.2020
"2026-05-13 15:19:00",24.2,-0.3994,-0.2021
"2026-05-13 15:19:30",24.2,-0.3995,-0.2024
"2026-05-13 15:20:00",24.2,-0.3994,-0.2028
"2026-05-13 15:20:30",24.2,-0.3993,-0.2027
"2026-05-13 15:21:00",24.2,-0.3991,-0.2028
"2026-05-13 15:21:30",24.2,-0.3993,-0.2028
"2026-05-13 15:22:00",24.2,-0.3991,-0.2029
"2026-05-13 15:22:30",24.2,-0.3990,-0.2030
"2026-05-13 15:25:00",24.2,-0.3985,-0.2033
"2026-05-13 15:26:00",24.2,-0.3987,-0.2037
"2026-05-13 15:26:30",24.2,-0.3987,-0.2036
"2026-05-13 15:27:00",24.2,-0.3986,-0.2037
"2026-05-13 15:27:30",24.2,-0.3987,-0.2035
"2026-05-13 15:28:00",24.2,-0.3985,-0.2035
"2026-05-13 15:28:30",24.2,-0.3986,-0.2033
"2026-05-13 15:29:00",24.2,-0.3985,-0.2034
"2026-05-13 15:29:30",24.2,-0.3985,-0.2032
"2026-05-13 15:30:00",24.1,-0.3985,-0.2033
"2026-05-13 15:30:30",24.1,-0.3985,-0.2035
"2026-05-13 15:31:00",24.2,-0.3986,-0.2033
"2026-05-13 15:31:30",24.1,-0.3986,-0.2033
"2026-05-13 15:32:00",24.1,-0.3982,-0.2034
"2026-05-13 15:32:30",24.1,-0.3984,-0.2034
"2026-05-13 15:33:00",24.1,-0.3984,-0.2034
"2026-05-13 15:33:30",24.2,-0.3985,-0.2033
"2026-05-13 15:34:00",24.1,-0.3983,-0.2032
"2026-05-13 15:34:30",24.1,-0.3983,-0.2034
"2026-05-13 15:35:00",24.1,-0.3983,-0.2032
"2026-05-13 15:35:30",24.1,-0.3984,-0.2031
"2026-05-13 15:36:00",24.1,-0.3982,-0.2032
"2026-05-13 15:36:30",24.1,-0.3984,-0.2031
"2026-05-13 15:37:00",24.1,-0.3982,-0.2031
"2026-05-13 15:37:30",24.1,-0.3983,-0.2030
"2026-05-13 15:38:00",24.1,-0.4006,-0.2063
"2026-05-13 15:38:30",24.1,-0.3982,-0.2017
"2026-05-13 15:39:00",24.1,-0.3978,-0.2018
"2026-05-13 15:39:30",24.1,-0.3980,-0.2019
"2026-05-13 15:40:00",24.1,-0.3982,-0.2020
"2026-05-13 15:40:30",24.1,-0.3983,-0.2017
"2026-05-13 15:41:00",24.1,-0.3982,-0.2017
"2026-05-13 15:41:30",24.1,-0.3980,-0.2018
"2026-05-13 15:42:00",24.1,-0.3982,-0.2019
"2026-05-13 15:42:30",24.1,-0.3980,-0.2020
"2026-05-13 15:43:00",24.1,-0.3980,-0.2020
"2026-05-13 15:43:30",24.1,-0.3980,-0.2019
"2026-05-13 15:45:30",24.1,-0.3983,-0.2018
"2026-05-13 15:46:00",24.1,-0.3981,-0.2017
"2026-05-13 15:46:30",24.1,-0.3982,-0.2018
"2026-05-13 15:47:00",24.1,-0.3982,-0.2015
"2026-05-13 15:47:30",24.1,-0.3982,-0.2014
"2026-05-13 15:48:00",24.1,-0.3982,-0.2016
"2026-05-13 15:48:30",24.1,-0.3980,-0.2016
"2026-05-13 15:49:00",24.1,-0.3982,-0.2014
"2026-05-13 15:49:30",24.1,-0.3983,-0.2012
"2026-05-13 15:50:00",24.1,-0.3982,-0.2015
"2026-05-13 15:50:30",24.1,-0.3982,-0.2012
"2026-05-13 15:51:00",24.1,-0.3983,-0.2013
"2026-05-13 15:51:30",24.1,-0.3983,-0.2012
"2026-05-13 15:52:00",24.1,-0.3982,-0.2012
"2026-05-13 15:52:30",24.1,-0.3983,-0.2014
"2026-05-13 15:53:00",24.1,-0.3983,-0.2012
"2026-05-13 15:53:30",24.1,-0.3982,-0.2014
"2026-05-13 15:54:00",24.1,-0.3982,-0.2012
"2026-05-13 15:54:30",24.1,-0.3981,-0.2011
"2026-05-13 15:55:00",24.1,-0.3985,-0.2011
"2026-05-13 15:55:30",24.1,-0.3985,-0.2012
"2026-05-13 15:56:00",24.1,-0.3981,-0.2008
"2026-05-13 15:56:30",24.1,-0.3980,-0.2011
"2026-05-13 15:57:00",24.1,-0.3981,-0.2010
"2026-05-13 15:57:30",24.1,-0.3980,-0.2007
"2026-05-13 15:58:00",24.1,-0.3979,-0.2009
"2026-05-13 15:58:30",24.1,-0.3980,-0.2009
"2026-05-13 15:59:00",24.1,-0.3981,-0.2011
"2026-05-13 15:59:30",24.1,-0.3982,-0.2008
"2026-05-13 16:00:00",24.1,-0.3981,-0.2010
"2026-05-13 16:00:30",24.1,-0.3980,-0.2009
"2026-05-13 16:01:00",24.1,-0.3983,-0.2010
"2026-05-13 16:01:30",24.1,-0.3981,-0.2010
"2026-05-13 16:02:00",24.2,-0.3982,-0.2008
"2026-05-13 16:02:30",24.1,-0.3981,-0.2007
"2026-05-13 16:03:00",24.1,-0.3983,-0.2007
"2026-05-13 16:03:30",24.2,-0.3982,-0.2008
"2026-05-13 16:06:00",24.2,-0.3981,-0.2007
"2026-05-13 16:07:00",24.1,-0.3983,-0.2008
"2026-05-13 16:07:30",24.2,-0.3981,-0.2006
"2026-05-13 16:08:00",24.2,-0.3981,-0.2009
"2026-05-13 16:08:30",24.2,-0.3981,-0.2006
"2026-05-13 16:09:00",24.2,-0.3983,-0.2008
"2026-05-13 16:09:30",24.2,-0.3982,-0.2007
"2026-05-13 16:10:00",24.2,-0.3982,-0.2007
"2026-05-13 16:10:30",24.2,-0.3984,-0.2007
"2026-05-13 16:11:00",24.2,-0.3982,-0.2007
"2026-05-13 16:11:30",24.2,-0.3982,-0.2003
"2026-05-13 16:12:00",24.2,-0.3984,-0.2004
"2026-05-13 16:12:30",24.2,-0.3980,-0.2003
"2026-05-13 16:13:00",24.2,-0.3981,-0.2004
"2026-05-13 16:13:30",24.2,-0.3983,-0.2008
"2026-05-13 16:14:00",24.2,-0.3982,-0.2005
"2026-05-13 16:14:30",24.2,-0.3983,-0.2004
"2026-05-13 16:15:00",24.2,-0.3979,-0.2005
"2026-05-13 16:15:30",24.2,-0.3980,-0.2007
"2026-05-13 16:16:00",24.2,-0.3986,-0.2005
"2026-05-13 16:16:30",24.2,-0.3982,-0.2005
"2026-05-13 16:17:00",24.2,-0.3981,-0.2005
"2026-05-13 16:17:30",24.2,-0.3982,-0.2003
"2026-05-13 16:18:00",24.2,-0.3982,-0.2006
"2026-05-13 16:18:30",24.2,-0.3982,-0.2006
"2026-05-13 16:19:00",24.2,-0.3984,-0.2005
"2026-05-13 16:19:30",24.2,-0.3983,-0.2005
"2026-05-13 16:20:00",24.2,-0.3982,-0.2003
"2026-05-13 16:20:30",24.2,-0.3984,-0.2003
"2026-05-13 16:21:00",24.2,-0.3982,-0.2005
"2026-05-13 16:21:30",24.2,-0.3983,-0.2002
"2026-05-13 16:22:00",24.2,-0.3981,-0.2005
"2026-05-13 16:22:30",24.2,-0.3982,-0.2003
"2026-05-13 16:23:00",24.2,-0.3981,-0.2006
"2026-05-13 16:23:30",24.2,-0.3983,-0.2002
"2026-05-13 16:24:00",24.2,-0.3981,-0.2004
"2026-05-13 16:26:30",24.2,-0.3980,-0.2005
"2026-05-13 16:27:00",24.3,-0.3982,-0.2003
"2026-05-13 16:27:30",24.2,-0.3983,-0.2001
"2026-05-13 16:28:00",24.2,-0.3982,-0.2003
"2026-05-13 16:28:30",24.3,-0.3983,-0.2005
"2026-05-13 16:29:00",24.3,-0.3985,-0.2001
"2026-05-13 16:29:30",24.3,-0.3981,-0.1999
"2026-05-13 16:30:00",24.3,-0.3983,-0.2005
"2026-05-13 16:30:30",24.3,-0.3982,-0.2003
"2026-05-13 16:31:00",24.3,-0.3982,-0.2001
"2026-05-13 16:31:30",24.3,-0.3981,-0.2005
"2026-05-13 16:32:00",24.3,-0.3981,-0.2003
"2026-05-13 16:32:30",24.3,-0.3983,-0.2003
"2026-05-13 16:33:00",24.3,-0.3982,-0.1999
"2026-05-13 16:33:30",24.3,-0.3982,-0.2001
"2026-05-13 16:34:00",24.3,-0.3982,-0.2001
"2026-05-13 16:34:30",24.3,-0.3982,-0.2003
"2026-05-13 16:35:00",24.3,-0.3982,-0.1999
"2026-05-13 16:35:30",24.3,-0.3982,-0.2001
"2026-05-13 16:36:00",24.3,-0.3981,-0.2003
"2026-05-13 16:36:30",24.3,-0.3983,-0.2000
"2026-05-13 16:37:00",24.3,-0.3982,-0.2001
"2026-05-13 16:37:30",24.3,-0.3984,-0.2003
"2026-05-13 16:38:00",24.3,-0.3982,-0.2002
"2026-05-13 16:38:30",24.3,-0.3982,-0.2002
"2026-05-13 16:39:00",24.3,-0.3984,-0.2001
"2026-05-13 16:39:30",24.3,-0.3983,-0.2000
"2026-05-13 16:40:00",24.3,-0.3984,-0.2000
"2026-05-13 16:40:30",24.3,-0.3981,-0.2003
"2026-05-13 16:41:00",24.3,-0.3983,-0.2000
"2026-05-13 16:41:30",24.3,-0.3979,-0.2000
"2026-05-13 16:42:00",24.3,-0.3982,-0.1999
"2026-05-13 16:42:30",24.3,-0.3982,-0.2001
"2026-05-13 16:43:00",24.3,-0.3980,-0.2002
"2026-05-13 16:43:30",24.3,-0.3983,-0.1999
"2026-05-13 16:44:00",24.3,-0.3982,-0.1999
"2026-05-13 16:47:00",24.3,-0.3983,-0.1999
"2026-05-13 16:47:30",24.3,-0.3981,-0.1997
"2026-05-13 16:48:00",24.3,-0.3980,-0.1997
"2026-05-13 16:48:30",24.3,-0.3983,-0.2163
"2026-05-13 16:49:00",24.3,-0.4069,-0.2212
"2026-05-13 16:49:30",24.3,-0.4080,-0.2243
"2026-05-13 16:50:00",24.3,-0.4064,-0.2837
"2026-05-13 16:50:30",24.3,-0.5424,-0.5146
"2026-05-13 16:51:00",24.3,-0.5364,-0.5603
"2026-05-13 16:51:30",24.3,-0.4292,-0.2496
"2026-05-13 16:52:00",24.3,-0.4385,-0.2741
"2026-05-13 16:52:30",24.3,-0.4341,-0.2968
"2026-05-13 16:53:00",24.3,-0.4115,-0.2227
"2026-05-13 16:53:30",24.3,-0.4401,-0.2934
"2026-05-13 16:54:00",24.3,-0.4421,-0.2928
"2026-05-13 16:54:30",24.3,-0.4418,-0.2923
"2026-05-13 16:55:00",24.3,-0.4327,-0.2832
"2026-05-13 16:55:30",24.3,-0.4298,-0.2837
"2026-05-13 16:56:00",24.3,-0.4233,-0.2480
"2026-05-13 16:56:30",24.3,-0.4151,-0.2294
"2026-05-13 17:10:00",25.3,-18.7469,-1.0728
"2026-05-13 17:11:00",25.3,-18.7478,-0.9890
"2026-05-13 17:11:30",25.3,-18.7478,-0.9860
"2026-05-13 17:12:00",25.3,-0.3964,-0.2291
"2026-05-13 17:12:30",25.3,-0.3961,-0.2288
"2026-05-13 17:13:00",25.3,-0.3960,-0.2289
"2026-05-13 17:13:30",25.3,-0.3960,-0.2287
"2026-05-13 17:14:00",25.3,-8.5373,-2.9142
"2026-05-13 17:14:30",25.3,-18.7478,-0.9908
"2026-05-13 17:15:00",25.3,-18.7478,-0.9904
"2026-05-13 17:15:30",25.3,-18.7478,-0.9900
"2026-05-13 17:16:00",25.3,-18.7478,-0.9900
"2026-05-13 17:16:30",25.3,-18.7478,-0.9896
"2026-05-13 17:17:00",25.3,-18.7478,-0.9893
"2026-05-13 17:17:30",25.3,-18.7469,-0.9895
"2026-05-13 17:18:00",25.3,-18.7478,-0.9893
"2026-05-13 17:18:30",25.3,-18.7478,-0.9719
"2026-05-13 17:19:00",25.3,-18.7478,-1.5567
"2026-05-13 17:19:30",25.3,-0.6232,0.1996
"2026-05-13 17:20:00",25.3,-0.3939,-0.0671
"2026-05-13 17:20:30",25.4,-0.5883,-0.2424
"2026-05-13 17:21:00",25.4,-0.5885,-0.2426
"2026-05-13 17:21:30",25.4,-0.5886,-0.2426
"2026-05-13 17:22:00",25.4,-18.7478,-0.8511
"2026-05-13 17:22:30",25.4,-0.4068,-0.0777
"2026-05-13 17:23:00",25.4,-0.4062,-0.0781
"2026-05-13 17:23:30",25.4,-0.4063,-0.0780
"2026-05-13 17:24:00",25.4,-0.4062,-0.0779
"2026-05-13 17:24:30",25.4,-0.4063,-0.0779
"2026-05-13 17:25:00",25.4,-0.4062,-0.0783
"2026-05-13 17:25:30",25.4,-0.4062,-0.0780
"2026-05-13 17:26:00",25.4,-0.4163,-0.0732
"2026-05-13 17:26:30",25.4,-0.4664,-0.0074
"2026-05-13 17:27:00",25.4,-0.4565,-0.0230
"2026-05-13 17:27:30",25.4,-0.4250,-0.0358
"2026-05-13 17:28:00",25.4,-0.4422,0.0352
"2026-05-13 17:30:00",25.3,-18.7469,-0.9981
"2026-05-13 17:31:30",25.3,-16.8411,-0.1782
"2026-05-13 17:32:00",25.3,-0.4653,-0.1285
"2026-05-13 17:32:30",25.3,-0.5476,-0.1224
"2026-05-13 17:33:00",25.3,-0.5434,-0.1219
"2026-05-13 17:33:30",25.3,-0.5434,-0.1227
"2026-05-13 17:34:00",25.3,-0.5401,-0.1226
"2026-05-13 17:34:30",25.3,-0.5849,-0.1136
"2026-05-13 17:35:00",25.3,-0.6019,-0.1104
"2026-05-13 17:35:30",25.3,-0.5603,-0.1186
"2026-05-13 17:36:00",25.3,-0.5549,-0.1189
"2026-05-13 17:36:30",25.3,-0.4358,-0.1378
"2026-05-20 09:46:00",25.9,-0.5811,18.5924
"2026-05-20 09:47:00",26.0,-0.6779,18.5876
"2026-05-20 09:47:30",26.0,-0.8948,18.5934
"2026-05-20 09:48:00",26.0,-0.8228,18.5924
"2026-05-20 09:48:30",26.0,-0.8585,18.5934
"2026-05-20 09:49:00",26.1,-0.8730,18.5934
"2026-05-20 09:49:30",26.1,-0.8645,18.5924
"2026-05-20 09:50:00",26.1,-0.6381,18.5924
"2026-05-20 09:50:30",26.1,-0.8574,18.5934
"2026-05-20 09:51:00",26.1,-0.8598,18.5934
"2026-05-20 09:51:30",26.1,-0.8598,18.5924
"2026-05-20 09:52:00",26.2,-0.6779,18.5933
"2026-05-20 09:52:30",26.2,-0.6798,18.5933
"2026-05-20 09:53:00",26.2,-0.7711,18.5924
"2026-05-20 09:53:30",26.2,-0.8408,18.5924
"2026-05-20 09:54:00",26.3,-0.6706,18.5924
"2026-05-20 09:54:30",26.3,-0.6687,18.5933
"2026-05-20 09:55:00",26.3,-0.8619,18.5924
"2026-05-20 09:55:30",26.3,-0.8646,18.5933
"2026-05-20 09:56:00",26.3,-0.8576,18.5933
"2026-05-20 09:56:30",26.3,-0.8581,18.5924
"2026-05-20 09:57:00",26.3,-0.8584,18.5924
"2026-05-20 09:57:30",26.3,-0.8588,18.5933
"2026-05-20 09:58:00",26.4,-0.8587,18.5924
"2026-05-20 09:58:30",26.4,-0.8588,18.5924
"2026-05-20 09:59:00",26.4,-0.8589,18.5924
"2026-05-20 09:59:30",26.4,-0.8618,18.5924
"2026-05-20 10:00:00",26.4,-0.7766,18.5924
"2026-05-20 10:00:30",26.4,-0.7749,18.5933
"2026-05-20 10:01:00",26.4,-0.7366,18.5933
"2026-05-20 10:01:30",26.4,-0.6560,18.5924
"2026-05-20 10:02:00",26.4,-0.7354,18.5924
"2026-05-20 10:02:30",26.5,-0.6238,18.5933
"2026-05-20 10:03:00",26.5,-0.6542,18.5933
"2026-05-20 10:03:30",26.5,-0.7076,18.5933
"2026-05-20 10:04:00",26.5,-0.6272,18.5924
"2026-05-20 10:06:30",26.6,-0.8170,18.5924
"2026-05-20 10:07:00",26.6,-0.7367,18.5924
"2026-05-20 10:07:30",26.6,-0.6953,18.5933
"2026-05-20 10:08:00",26.6,-0.7569,18.5924
"2026-05-20 10:08:30",26.6,-0.8038,18.5933
"2026-05-20 10:09:00",26.6,-0.8142,18.5933
"2026-05-20 10:09:30",26.6,-0.7942,18.5924
"2026-05-20 10:10:00",26.7,-0.8252,18.5933
"2026-05-20 10:10:30",26.7,-0.7702,18.5924
"2026-05-20 10:11:00",26.7,-0.8273,18.5924
"2026-05-20 10:11:30",26.7,-0.8108,18.5924
"2026-05-20 10:12:00",26.7,-0.8072,18.5924
"2026-05-20 10:12:30",26.7,-0.8212,18.5933
"2026-05-20 10:13:00",26.8,-0.8237,18.5933
"2026-05-20 10:13:30",26.8,-0.8075,18.5924
"2026-05-20 10:14:00",26.8,-0.7551,18.5924
"2026-05-20 10:14:30",26.8,-0.7505,18.5924
"2026-05-20 10:15:00",26.8,-0.6958,18.5933
"2026-05-20 10:15:30",26.8,-0.7258,18.5933
"2026-05-20 10:16:00",26.8,-0.6661,18.5933
"2026-05-20 10:16:30",26.8,-0.6954,18.5924
"2026-05-20 10:17:00",26.8,-0.6841,18.5924
"2026-05-20 10:17:30",26.8,-0.6966,18.5933
"2026-05-20 10:18:00",26.8,-0.6875,18.5933
"2026-05-20 10:18:30",26.8,-0.6943,18.5933
"2026-05-20 10:19:00",26.8,-0.7381,18.5933
"2026-05-20 10:19:30",26.8,-0.7443,18.5924
"2026-05-20 10:20:00",26.9,-0.8048,18.5933
"2026-05-20 10:20:30",26.9,-0.7233,18.5933
"2026-05-20 10:21:00",26.9,-0.7257,18.5924
"2026-05-20 10:21:30",26.9,-0.7963,18.5924
"2026-05-20 10:22:00",26.9,-0.8136,18.5933
"2026-05-20 10:22:30",26.9,-0.7323,18.5933
"2026-05-20 10:23:00",26.9,-0.6779,18.5933
"2026-05-20 10:23:30",26.9,-0.6718,18.5924
"2026-05-20 10:24:00",26.9,-0.7067,18.5933
"2026-05-20 10:24:30",26.9,-0.7067,18.5933
"2026-05-20 10:27:00",27.0,-0.6906,18.5924
"2026-05-20 10:27:30",27.0,-0.6883,18.5933
"2026-05-20 10:28:00",27.1,-0.6832,18.5924
"2026-05-20 10:28:30",27.1,-0.6750,18.5933
"2026-05-20 10:29:00",27.1,-0.6929,18.5924
"2026-05-20 10:29:30",27.1,-0.6584,18.5933
"2026-05-20 10:30:00",27.1,-0.6598,18.5924
"2026-05-20 10:30:30",27.1,-0.5961,18.5933
"2026-05-20 10:31:00",27.1,-0.6281,18.5933
"2026-05-20 10:31:30",27.2,-0.6218,18.5924
"2026-05-20 10:32:00",27.2,-0.5875,18.5924
"2026-05-20 10:32:30",27.2,-0.5999,18.5933
"2026-05-20 10:33:00",27.2,-0.6430,18.5924
"2026-05-20 10:33:30",27.3,-0.6302,18.5933
"2026-05-20 10:34:00",27.3,-0.5869,18.5933
"2026-05-20 10:34:30",27.3,-0.5773,18.5933
"2026-05-20 10:35:00",27.3,-0.5768,18.5933
"2026-05-20 10:35:30",27.3,-0.5921,18.5933
"2026-05-20 10:36:00",27.3,-0.5928,18.5933
"2026-05-20 10:36:30",27.3,-0.5621,18.5933
"2026-05-20 10:37:00",27.3,-0.7181,18.5924
"2026-05-20 10:37:30",27.3,-0.7104,18.5924
"2026-05-20 10:38:00",27.3,-0.7116,18.5933
"2026-05-20 10:38:30",27.3,-0.7148,18.5924
"2026-05-20 10:39:00",27.4,-0.7164,18.5924
"2026-05-20 10:39:30",27.4,-0.7210,18.5933
"2026-05-20 10:40:00",27.4,-0.7224,18.5924
"2026-05-20 10:40:30",27.4,-0.7437,18.5924
"2026-05-20 10:41:00",27.4,-0.7022,18.5933
"2026-05-20 10:41:30",27.4,-0.7220,18.5933
"2026-05-20 10:42:00",27.4,-0.7222,18.5924
"2026-05-20 10:42:30",27.4,-0.7205,18.5933
"2026-05-20 10:43:00",27.4,-0.6932,18.5933
"2026-05-20 10:43:30",27.4,-0.7275,18.5933
"2026-05-20 10:44:00",27.4,-0.7270,18.5924
"2026-05-20 10:44:30",27.4,-0.7267,18.5924
"2026-05-20 10:47:00",27.4,-0.5301,18.5933
"2026-05-20 10:48:00",27.5,-0.5665,18.5924
"2026-05-20 10:48:30",27.4,-0.6194,18.5924
"2026-05-20 10:49:00",27.5,-0.5893,18.5924
"2026-05-20 10:49:30",27.5,-0.6286,18.5933
"2026-05-20 10:50:00",27.5,-0.6056,18.5924
"2026-05-20 10:50:30",27.5,-0.4795,18.5924
"2026-05-20 10:51:00",27.5,-0.6556,18.5933
"2026-05-20 10:51:30",27.5,-0.6503,18.5924
"2026-05-20 10:52:00",27.5,-0.6374,18.5924
"2026-05-20 10:52:30",27.5,-0.6462,18.5924
"2026-05-20 10:53:00",27.5,-0.5622,18.5924
"2026-05-20 10:53:30",27.5,-0.6671,18.5933
"2026-05-20 10:54:00",27.6,-0.5742,18.5924
"2026-05-20 10:54:30",27.6,-0.5784,18.5933
"2026-05-20 10:55:00",27.6,-0.5492,18.5933
"2026-05-20 10:55:30",27.6,-0.5573,18.5933
"2026-05-20 10:56:00",27.6,-0.6039,18.5924
"2026-05-20 10:56:30",27.6,-0.6323,18.5933
"2026-05-20 10:57:00",27.6,-0.7226,18.5924
"2026-05-20 10:57:30",27.6,-0.6586,18.5933
"2026-05-20 10:58:00",27.6,-0.6784,18.5933
"2026-05-20 10:58:30",27.6,-0.5993,18.5924
"2026-05-20 10:59:00",27.6,-0.6284,18.5924
"2026-05-20 10:59:30",27.6,-0.6525,18.5933
"2026-05-20 11:00:00",27.6,-0.6695,18.5933
"2026-05-20 11:00:30",27.6,-0.6701,18.5924
"2026-05-20 11:01:00",27.6,-0.6689,18.5933
"2026-05-20 11:01:30",27.6,-0.6788,18.5924
"2026-05-20 11:02:00",27.6,-0.5153,18.5933
"2026-05-20 11:02:30",27.7,-0.5534,18.5933
"2026-05-20 11:03:00",27.7,-0.6700,18.5924
"2026-05-20 11:03:30",27.7,-0.4915,18.5933
"2026-05-20 11:04:00",27.7,-0.6767,18.5924
"2026-05-20 11:04:30",27.7,-0.5623,18.5924
"2026-05-20 11:05:00",27.7,-0.5193,18.5933
"2026-05-20 11:05:30",27.7,-0.6815,18.5924
"2026-05-20 11:07:30",27.8,-0.6931,18.5933
"2026-05-20 11:08:30",27.8,-0.7525,18.5924
"2026-05-20 11:09:00",27.8,-0.7317,18.5933
"2026-05-20 11:09:30",27.8,-0.7298,18.5933
"2026-05-20 11:10:00",27.8,-0.7119,18.5924
"2026-05-20 11:10:30",27.8,-0.7411,18.5933
"2026-05-20 11:11:00",27.8,-0.7354,18.5933
"2026-05-20 11:11:30",27.8,-0.7347,18.5933
"2026-05-20 11:12:00",27.8,-0.7547,18.5924
"2026-05-20 11:12:30",27.8,-0.7426,18.5933
"2026-05-20 11:13:00",27.8,-0.7283,18.5924
"2026-05-20 11:13:30",27.8,-0.8067,18.5933
"2026-05-20 11:14:00",27.8,-1.1612,18.5933
"2026-05-20 11:14:30",27.8,-0.5992,18.5924
"2026-05-20 11:15:00",27.9,-0.5995,18.5933
"2026-05-20 11:15:30",27.9,-0.5995,18.5924
"2026-05-20 11:16:00",28.0,-0.5991,18.5933
"2026-05-20 11:16:30",28.1,-0.5992,18.5933
"2026-05-20 11:17:00",28.1,-0.5989,18.5933
"2026-05-20 11:17:30",28.3,-0.5990,18.5933
"2026-05-20 11:18:00",28.3,-0.5988,18.5933
"2026-05-20 11:18:30",28.4,-0.5986,18.5924
"2026-05-20 11:19:00",28.4,-0.5983,18.5933
"2026-05-20 11:19:30",28.5,-0.5984,18.5924
"2026-05-20 11:20:00",28.6,-0.5982,18.5934
"2026-05-20 11:20:30",28.7,-0.5982,18.5934
"2026-05-20 11:21:00",28.8,-0.5984,18.5924
"2026-05-20 11:21:30",28.8,-0.4452,18.5934
"2026-05-20 11:22:00",28.9,-0.5952,18.5934
"2026-05-20 11:22:30",28.9,-0.5959,18.5934
"2026-05-20 11:23:00",29.0,-0.5962,18.5925
"2026-05-20 11:23:30",29.1,-0.5963,18.5925
"2026-05-20 11:24:00",29.1,-0.5966,18.5934
"2026-05-20 11:24:30",29.1,-0.5964,18.5934
"2026-05-20 11:25:00",29.2,-0.5968,18.5925
"2026-05-20 11:25:30",29.3,-0.5964,18.5934
"2026-05-20 11:28:00",29.4,-0.4913,18.5925
"2026-05-20 11:28:30",29.5,-0.6116,18.5925
"2026-05-20 11:29:00",29.5,-0.5908,18.5934
"2026-05-20 11:29:30",29.6,-0.6157,18.5925
"2026-05-20 11:30:00",29.6,-0.5625,18.5934
"2026-05-20 11:30:30",29.6,-0.5515,18.5925
"2026-05-20 11:31:00",29.7,-0.5535,18.5925
"2026-05-20 11:31:30",29.7,-0.5611,18.5925
"2026-05-20 11:32:00",29.7,-0.5619,18.5925
"2026-05-20 11:32:30",29.8,-0.5709,18.5934
"2026-05-20 11:33:00",29.8,-0.5688,18.5934
"2026-05-20 11:33:30",29.8,-0.5611,18.5934
"2026-05-20 11:34:00",29.8,-0.5725,18.5925
"2026-05-20 11:34:30",29.8,-0.5796,18.5934
"2026-05-20 11:35:00",29.9,-0.6149,18.5934
"2026-05-20 11:35:30",29.9,-0.5428,18.5934
"2026-05-20 11:36:00",29.9,-0.5542,18.5925
"2026-05-20 11:36:30",29.9,-0.5496,18.5925
"2026-05-20 11:37:00",29.9,-0.5700,18.5935
"2026-05-20 11:37:30",30.0,-0.5801,18.5935
"2026-05-20 11:38:00",30.0,-0.5765,18.5925
"2026-05-20 11:38:30",30.0,-0.5644,18.5925
"2026-05-20 11:39:00",30.1,-0.5662,18.5935
"2026-05-20 11:39:30",30.1,-0.5619,18.5925
"2026-05-20 11:40:00",30.1,-0.5474,18.5925
"2026-05-20 11:40:30",30.1,-0.5506,18.5925
"2026-05-20 11:41:00",30.1,-0.5400,18.5935
"2026-05-20 11:41:30",30.1,-0.5865,18.5935
"2026-05-20 11:42:00",30.1,-0.5647,18.5935
"2026-05-20 11:42:30",30.1,-0.5546,18.5935
"2026-05-20 11:43:00",30.2,-0.5641,18.5935
"2026-05-20 11:43:30",30.2,-0.5636,18.5935
"2026-05-20 11:44:00",30.2,-0.5617,18.5935
"2026-05-20 11:44:30",30.3,-0.5712,18.5935
"2026-05-20 11:45:00",30.3,-0.5691,18.5925
"2026-05-20 11:45:30",30.3,-0.6081,18.5925
"2026-05-20 11:46:00",30.3,-0.5387,18.5925
"2026-05-20 11:48:30",30.3,-0.5532,18.5935
"2026-05-20 11:49:30",30.4,-0.5921,18.5935
"2026-05-20 11:50:00",30.4,-0.5586,18.5925
"2026-05-20 11:50:30",30.4,-0.5651,18.5926
"2026-05-20 11:51:00",30.4,-0.6016,18.5935
"2026-05-20 11:51:30",30.4,-0.5566,18.5935
"2026-05-20 11:52:00",30.4,-0.6100,18.5935
"2026-05-20 11:52:30",30.4,-0.6085,18.5926
"2026-05-20 11:53:00",30.4,-0.5644,18.5926
"2026-05-20 11:53:30",30.4,-0.5479,18.5935
"2026-05-20 11:54:00",30.4,-0.6215,18.5926
"2026-05-20 11:54:30",30.4,-0.6149,18.5935
"2026-05-20 11:55:00",30.5,-0.6198,18.5935
"2026-05-20 11:55:30",30.5,-0.6154,18.5926
"2026-05-20 11:56:00",30.5,-0.6166,18.5935
"2026-05-20 11:56:30",30.5,-0.5982,18.5935
"2026-05-20 11:57:00",30.5,-0.6082,18.5926
"2026-05-20 11:57:30",30.5,-0.6081,18.5935
"2026-05-20 11:58:00",30.5,0.1269,-0.2563
"2026-05-20 11:58:30",30.5,-0.0931,-0.1413
"2026-05-20 11:59:00",30.5,-0.0788,-0.1364
"2026-05-20 11:59:30",30.4,-0.0711,-0.1416
"2026-05-20 12:00:00",30.4,-0.0691,-0.1428
"2026-05-20 12:00:30",30.4,-0.0627,-0.1353
"2026-05-20 12:01:00",30.4,-0.0766,-0.1414
"2026-05-20 12:01:30",30.3,0.1424,-0.0344
"2026-05-20 12:02:00",30.3,0.1680,-0.0175
"2026-05-20 12:02:30",30.3,0.1710,-0.0299
"2026-05-20 12:03:00",30.2,0.1168,-0.0460
"2026-05-20 12:03:30",30.2,0.0869,-0.0571
"2026-05-20 12:04:00",30.1,0.0786,-0.0286
"2026-05-20 12:04:30",30.1,-0.0038,-0.1251
"2026-05-20 12:05:00",30.0,-0.0509,-0.1275
"2026-05-20 12:05:30",30.0,0.0939,-0.0550
"2026-05-20 12:06:00",29.9,-0.0002,-0.0992
"2026-05-20 12:06:30",29.9,0.0837,-0.0542
"2026-05-20 12:09:00",29.8,0.1116,-0.0742
"2026-05-20 12:09:30",29.7,-0.0551,-0.1282
"2026-05-20 12:10:00",29.7,-0.0552,-0.1292
